path,speaker_id,source_speaker_id,audio_id,raw_text,normalized_text,gender,accent,is_gold_transcript,duration_seconds,label,category,generator,dataset,freeze_tag
C:\Users\gonza\TFG\Deepfake-Detection\external_final_voxpopuli\real\vox_ext_01\vox_ext_01_001.wav,vox_ext_01,1973,20090506-0900-PLENARY-15-es_20090506-21:57:30_7,"La cuestión es evitar la confusión, por ejemplo, entre el derecho de petición y el derecho de iniciativa ciudadana.",la cuestión es evitar la confusión por ejemplo entre el derecho de petición y el derecho de iniciativa ciudadana.,male,None,0,7.0799,0,real_external_final,real,voxpopuli_es_test_legacy_archive,tfg_final_real_voxpopuli_es_legacy_v1_2026-09-15
C:\Users\gonza\TFG\Deepfake-Detection\external_final_voxpopuli\real\vox_ext_01\vox_ext_01_002.wav,vox_ext_01,1973,20090506-0900-PLENARY-15-es_20090506-21:57:30_13,"Si lo conseguimos, todos los que estamos aquí —empezando por todos los convencionados que nos reunimos en esta noche— habremos dado un paso de gigante por el que habrá merecido la pena estar en este Parlamento.",si lo conseguimos todos los que estamos aquí empezando por todos los convencionados que nos reunimos en esta noche habremos dado un paso de gigante por el que habrá merecido la pena estar en este parlamento.,male,None,0,11.1200,0,real_external_final,real,voxpopuli_es_test_legacy_archive,tfg_final_real_voxpopuli_es_legacy_v1_2026-09-15
C:\Users\gonza\TFG\Deepfake-Detection\external_final_voxpopuli\real\vox_ext_01\vox_ext_01_003.wav,vox_ext_01,1973,20090506-0900-PLENARY-15-es_20090506-21:57:30_11,"Sin duda, todas las comisiones lo querrían, pero yo reclamo que ese derecho se haga efectivo de la mejor manera posible.",sin duda todas las comisiones lo querrían pero yo reclamo que ese derecho se haga efectivo de la mejor manera posible.,male,None,0,7.7599,0,real_external_final,real,voxpopuli_es_test_legacy_archive,tfg_final_real_voxpopuli_es_legacy_v1_2026-09-15
C:\Users\gonza\TFG\Deepfake-Detection\external_final_voxpopuli\real\vox_ext_01\vox_ext_01_004.wav,vox_ext_01,1973,20090506-0900-PLENARY-15-es_20090506-21:57:30_1,"He tratado de trabajar dignamente en nombre de los ciudadanos de mi país y del conjunto de los europeos y ha habido momentos verdaderamente especiales en ese esfuerzo, como, por ejemplo, fue la Convención.",he tratado de trabajar dignamente en nombre de los ciudadanos de mi país y del conjunto de los europeos y ha habido momentos verdaderamente especiales en ese esfuerzo como por ejemplo fue la convención.,male,None,0,11.8800,0,real_external_final,real,voxpopuli_es_test_legacy_archive,tfg_final_real_voxpopuli_es_legacy_v1_2026-09-15
C:\Users\gonza\TFG\Deepfake-Detection\external_final_voxpopuli\real\vox_ext_01\vox_ext_01_005.wav,vox_ext_01,1973,20090506-0900-PLENARY-15-es_20090506-21:57:30_9,"Se trata de evitar esa contradicción y de conseguir una sinergia que refuerce ambas vías, que son vías que hacen más ciudadana a la Unión.",se trata de evitar esa contradicción y de conseguir una sinergia que refuerce ambas vías que son vías que hacen más ciudadana a la unión.,male,None,0,10.5999,0,real_external_final,real,voxpopuli_es_test_legacy_archive,tfg_final_real_voxpopuli_es_legacy_v1_2026-09-15
C:\Users\gonza\TFG\Deepfake-Detection\external_final_voxpopuli\real\vox_ext_01\vox_ext_01_006.wav,vox_ext_01,1973,20090506-0900-PLENARY-15-es_20090506-21:57:30_10,"Sin duda, la Comisión de Peticiones querría estar presente en la gestión de ese derecho de iniciativa ciudadana.",sin duda la comisión de peticiones querría estar presente en la gestión de ese derecho de iniciativa ciudadana.,male,None,0,5.2199,0,real_external_final,real,voxpopuli_es_test_legacy_archive,tfg_final_real_voxpopuli_es_legacy_v1_2026-09-15
C:\Users\gonza\TFG\Deepfake-Detection\external_final_voxpopuli\real\vox_ext_01\vox_ext_01_007.wav,vox_ext_01,1973,20090506-0900-PLENARY-15-es_20090506-21:57:30_2,"De hecho, estamos hablando hoy de ciudadanía y tomo la palabra en nombre de la Comisión de Peticiones.",de hecho estamos hablando hoy de ciudadanía y tomo la palabra en nombre de la comisión de peticiones.,male,None,0,4.8600,0,real_external_final,real,voxpopuli_es_test_legacy_archive,tfg_final_real_voxpopuli_es_legacy_v1_2026-09-15
C:\Users\gonza\TFG\Deepfake-Detection\external_final_voxpopuli\real\vox_ext_01\vox_ext_01_008.wav,vox_ext_01,1973,20090506-0900-PLENARY-15-es_20090506-21:57:30_4,"La cuestión es esta si en muchos países se conoce al Parlamento Europeo, es por el ejercicio del derecho de petición.",la cuestión es esta si en muchos países se conoce al parlamento europeo es por el ejercicio del derecho de petición.,male,None,0,7.5000,0,real_external_final,real,voxpopuli_es_test_legacy_archive,tfg_final_real_voxpopuli_es_legacy_v1_2026-09-15
C:\Users\gonza\TFG\Deepfake-Detection\external_final_voxpopuli\real\vox_ext_01\vox_ext_01_009.wav,vox_ext_01,1973,20090218-0900-PLENARY-14-es_20090218-19:16:13_4,"Eso es una Unión para el Mediterráneo que no es ex novo, sino que viene de la raíz profunda del Proceso de Barcelona",eso es una unión para el mediterráneo que no es ex novo sino que viene de la raíz profunda del proceso de barcelona;,male,None,0,7.6399,0,real_external_final,real,voxpopuli_es_test_legacy_archive,tfg_final_real_voxpopuli_es_legacy_v1_2026-09-15
C:\Users\gonza\TFG\Deepfake-Detection\external_final_voxpopuli\real\vox_ext_01\vox_ext_01_010.wav,vox_ext_01,1973,20090506-0900-PLENARY-15-es_20090506-21:57:30_3,"¿Qué comisión más cercana a la ciudadanía que la Comisión de Peticiones de este Parlamento, que es la recipiendaria de uno de los derechos más importante que tienen los ciudadanos europeos el derecho de petición?",qué comisión más cercana a la ciudadanía que la comisión de peticiones de este parlamento que es la recipiendaria de uno de los derechos más importante que tienen los ciudadanos europeos el derecho de petición?,male,None,0,11.5599,0,real_external_final,real,voxpopuli_es_test_legacy_archive,tfg_final_real_voxpopuli_es_legacy_v1_2026-09-15
C:\Users\gonza\TFG\Deepfake-Detection\external_final_voxpopuli\real\vox_ext_02\vox_ext_02_001.wav,vox_ext_02,124708,20180529-0900-PLENARY-18-es_20180529-16:25:55_6,un cambio que todos los nicaragüenses anhelan,un cambio que todos los nicaragüenses anhelan;,female,None,0,4.2797,0,real_external_final,real,voxpopuli_es_test_legacy_archive,tfg_final_real_voxpopuli_es_legacy_v1_2026-09-15
C:\Users\gonza\TFG\Deepfake-Detection\external_final_voxpopuli\real\vox_ext_02\vox_ext_02_002.wav,vox_ext_02,124708,20170216-0900-PLENARY-5-es_20170216-10:42:11_7,Como Unión Europea debemos fortalecer nuestra cooperación con Guatemala para ayudar a este país a promover y consolidar una agenda en materia de derechos humanos.,como unión europea debemos fortalecer nuestra cooperación con guatemala para ayudar a este país a promover y consolidar una agenda en materia de derechos humanos.,female,None,0,11.8187,0,real_external_final,real,voxpopuli_es_test_legacy_archive,tfg_final_real_voxpopuli_es_legacy_v1_2026-09-15
C:\Users\gonza\TFG\Deepfake-Detection\external_final_voxpopuli\real\vox_ext_02\vox_ext_02_003.wav,vox_ext_02,124708,20180529-0900-PLENARY-18-es_20180529-16:25:55_8,Lo que Nicaragua necesita es el fin del régimen autoritario actual y la reconciliación nacional.,lo que nicaragua necesita es el fin del régimen autoritario actual y la reconciliación nacional.,female,None,0,6.7594,0,real_external_final,real,voxpopuli_es_test_legacy_archive,tfg_final_real_voxpopuli_es_legacy_v1_2026-09-15
C:\Users\gonza\TFG\Deepfake-Detection\external_final_voxpopuli\real\vox_ext_02\vox_ext_02_004.wav,vox_ext_02,124708,20170913-0900-PLENARY-21-es_20170913-22:30:54_3,Nuestra visión compartida ha permitido a ambas partes aprovechar plenamente el Acuerdo de Asociación entre la Unión Europea y Chile.,nuestra visión compartida ha permitido a ambas partes aprovechar plenamente el acuerdo de asociación entre la unión europea y chile.,female,None,0,10.6594,0,real_external_final,real,voxpopuli_es_test_legacy_archive,tfg_final_real_voxpopuli_es_legacy_v1_2026-09-15
C:\Users\gonza\TFG\Deepfake-Detection\external_final_voxpopuli\real\vox_ext_02\vox_ext_02_005.wav,vox_ext_02,124708,20180529-0900-PLENARY-18-es_20180529-16:25:55_5,Las negociaciones deben producir un cambio real,las negociaciones deben producir un cambio real;,male,None,0,4.2197,0,real_external_final,real,voxpopuli_es_test_legacy_archive,tfg_final_real_voxpopuli_es_legacy_v1_2026-09-15
C:\Users\gonza\TFG\Deepfake-Detection\external_final_voxpopuli\real\vox_ext_02\vox_ext_02_006.wav,vox_ext_02,124708,20170216-0900-PLENARY-3-es_20170216-09:41:17_6,El Gobierno de Ortega nos ha demostrado una y otra vez su verdadera cara e intenciones.,el gobierno de ortega nos ha demostrado una y otra vez su verdadera cara e intenciones.,female,None,0,6.4800,0,real_external_final,real,voxpopuli_es_test_legacy_archive,tfg_final_real_voxpopuli_es_legacy_v1_2026-09-15
C:\Users\gonza\TFG\Deepfake-Detection\external_final_voxpopuli\real\vox_ext_02\vox_ext_02_007.wav,vox_ext_02,124708,20170216-0900-PLENARY-3-es_20170216-09:41:17_4,"El ejemplo más reciente de esto se ha dado en las últimas elecciones de noviembre, que marcaron el final de un proceso electoral amañado e injusto.",el ejemplo más reciente de esto se ha dado en las últimas elecciones de noviembre que marcaron el final de un proceso electoral amañado e injusto.,female,None,0,10.8399,0,real_external_final,real,voxpopuli_es_test_legacy_archive,tfg_final_real_voxpopuli_es_legacy_v1_2026-09-15
C:\Users\gonza\TFG\Deepfake-Detection\external_final_voxpopuli\real\vox_ext_02\vox_ext_02_008.wav,vox_ext_02,124708,20170216-0900-PLENARY-3-es_20170216-09:41:17_7,No podemos actuar de manera reactiva y esperar hasta que se produzcan más violaciones o acabaremos con otra Venezuela en América Central.,no podemos actuar de manera reactiva y esperar hasta que se produzcan más violaciones o acabaremos con otra venezuela en américa central.,female,None,0,11.1801,0,real_external_final,real,voxpopuli_es_test_legacy_archive,tfg_final_real_voxpopuli_es_legacy_v1_2026-09-15
C:\Users\gonza\TFG\Deepfake-Detection\external_final_voxpopuli\real\vox_ext_02\vox_ext_02_009.wav,vox_ext_02,124708,20170912-0900-PLENARY-23-es_20170912-21:08:24_8,Le insto a que imponga sanciones económicas a empresas públicas venezolanas que mantienen viva la dictadura.,le insto a que imponga sanciones económicas a empresas públicas venezolanas que mantienen viva la dictadura.,female,None,0,8.3991,0,real_external_final,real,voxpopuli_es_test_legacy_archive,tfg_final_real_voxpopuli_es_legacy_v1_2026-09-15
C:\Users\gonza\TFG\Deepfake-Detection\external_final_voxpopuli\real\vox_ext_02\vox_ext_02_010.wav,vox_ext_02,124708,20170216-0900-PLENARY-3-es_20170216-09:41:17_2,"Francisca Ramírez es solo un ejemplo de centenares de voces opositoras al Gobierno, que sufren una represión cada vez más dura.",francisca ramírez es solo un ejemplo de centenares de voces opositoras al gobierno que sufren una represión cada vez más dura.,male,None,0,11.0799,0,real_external_final,real,voxpopuli_es_test_legacy_archive,tfg_final_real_voxpopuli_es_legacy_v1_2026-09-15
C:\Users\gonza\TFG\Deepfake-Detection\external_final_voxpopuli\real\vox_ext_03\vox_ext_03_001.wav,vox_ext_03,28397,20131009-0900-PLENARY-17-es_20131009-19:49:27_4,reforzando el papel de las autoridades locales competentes en el control de las fronteras.,reforzando el papel de las autoridades locales competentes en el control de las fronteras.,male,None,0,5.8200,0,real_external_final,real,voxpopuli_es_test_legacy_archive,tfg_final_real_voxpopuli_es_legacy_v1_2026-09-15
C:\Users\gonza\TFG\Deepfake-Detection\external_final_voxpopuli\real\vox_ext_03\vox_ext_03_002.wav,vox_ext_03,28397,20140227-0900-PLENARY-5-es_20140227-10:34:17_8,,el parlamento vigilará el seguimiento de los acuerdos alcanzados en este expediente pero también de las restantes medidas que deben desarrollarse para hacer realidad la exención de visado para estos dos países.,male,None,0,11.2589,0,real_external_final,real,voxpopuli_es_test_legacy_archive,tfg_final_real_voxpopuli_es_legacy_v1_2026-09-15
C:\Users\gonza\TFG\Deepfake-Detection\external_final_voxpopuli\real\vox_ext_03\vox_ext_03_003.wav,vox_ext_03,28397,20131009-0900-PLENARY-18-es_20131009-21:21:47_1,Estaremos y estamos con Eurosur como estamos con Schengen o con Frontex.,estaremos y estamos con eurosur como estamos con schengen o con frontex.,male,None,0,6.1400,0,real_external_final,real,voxpopuli_es_test_legacy_archive,tfg_final_real_voxpopuli_es_legacy_v1_2026-09-15
C:\Users\gonza\TFG\Deepfake-Detection\external_final_voxpopuli\real\vox_ext_03\vox_ext_03_004.wav,vox_ext_03,28397,20140227-0900-PLENARY-5-es_20140227-10:34:17_7,,es una decisión importante que comparto plenamente y es necesario que la comisión actúe con rapidez y diligencia para presentar los informes de impacto comprometidos.,male,None,0,10.0589,0,real_external_final,real,voxpopuli_es_test_legacy_archive,tfg_final_real_voxpopuli_es_legacy_v1_2026-09-15
C:\Users\gonza\TFG\Deepfake-Detection\external_final_voxpopuli\real\vox_ext_03\vox_ext_03_005.wav,vox_ext_03,28397,20131009-0900-PLENARY-17-es_20131009-19:49:27_5,Quiero decir una palabra sobre una expresión abominable la distribution du fardeau el reparto de la carga.,quiero decir una palabra sobre una expresión abominable la distribution du fardeau el reparto de la carga.,male,None,0,7.1801,0,real_external_final,real,voxpopuli_es_test_legacy_archive,tfg_final_real_voxpopuli_es_legacy_v1_2026-09-15
C:\Users\gonza\TFG\Deepfake-Detection\external_final_voxpopuli\real\vox_ext_03\vox_ext_03_006.wav,vox_ext_03,28397,20131009-0900-PLENARY-18-es_20131009-21:21:47_3,"Dicho Acuerdo recoge, en su Protocolo 19, la fórmula jurídica inequívoca que deberán utilizar aquellos Estados que deseen participar en las disposiciones del mismo.",dicho acuerdo recoge en su protocolo diecinueve la fórmula jurídica inequívoca que deberán utilizar aquellos estados que deseen participar en las disposiciones del mismo.,male,None,0,11.6800,0,real_external_final,real,voxpopuli_es_test_legacy_archive,tfg_final_real_voxpopuli_es_legacy_v1_2026-09-15
C:\Users\gonza\TFG\Deepfake-Detection\external_final_voxpopuli\real\vox_ext_03\vox_ext_03_007.wav,vox_ext_03,28397,20131009-0900-PLENARY-18-es_20131009-21:21:47_5,"Este procedimiento aquí no se ha respetado, algo obligatorio al ser Eurosur un desarrollo del acervo de Schengen.",este procedimiento aquí no se ha respetado algo obligatorio al ser eurosur un desarrollo del acervo de schengen.,male,None,0,8.4400,0,real_external_final,real,voxpopuli_es_test_legacy_archive,tfg_final_real_voxpopuli_es_legacy_v1_2026-09-15
C:\Users\gonza\TFG\Deepfake-Detection\external_final_voxpopuli\real\vox_ext_03\vox_ext_03_008.wav,vox_ext_03,28397,20131009-0900-PLENARY-18-es_20131009-21:21:47_4,Pero para todo ello es necesaria la unanimidad de los miembros del Consejo tras recibir la petición del país concernido y el conocimiento de la Comisión.,pero para todo ello es necesaria la unanimidad de los miembros del consejo tras recibir la petición del país concernido y el conocimiento de la comisión.,male,None,0,9.2999,0,real_external_final,real,voxpopuli_es_test_legacy_archive,tfg_final_real_voxpopuli_es_legacy_v1_2026-09-15
C:\Users\gonza\TFG\Deepfake-Detection\external_final_voxpopuli\real\vox_ext_03\vox_ext_03_009.wav,vox_ext_03,28397,20131009-0900-PLENARY-17-es_20131009-19:49:27_6,"Repugna a la razón llamar carga o fardo a seres humanos, de tal forma, señora Presidenta, que lo que hay que hacer es distribuir bien la solidaridad y organizar bien la solidaridad.",repugna a la razón llamar carga o fardo a seres humanos de tal forma señora presidenta que lo que hay que hacer es distribuir bien la solidaridad y organizar bien la solidaridad.,male,None,0,11.1200,0,real_external_final,real,voxpopuli_es_test_legacy_archive,tfg_final_real_voxpopuli_es_legacy_v1_2026-09-15
C:\Users\gonza\TFG\Deepfake-Detection\external_final_voxpopuli\real\vox_ext_03\vox_ext_03_010.wav,vox_ext_03,28397,20140224-0900-PLENARY-17-es_20140224-19:50:14_6,"Por lo demás, quiero agradecer a todos los diputados sus apoyos, expresamente manifestados, y también sus discrepancias.",por lo demás quiero agradecer a todos los diputados sus apoyos expresamente manifestados y también sus discrepancias.,male,None,0,7.8599,0,real_external_final,real,voxpopuli_es_test_legacy_archive,tfg_final_real_voxpopuli_es_legacy_v1_2026-09-15
C:\Users\gonza\TFG\Deepfake-Detection\external_final_voxpopuli\real\vox_ext_04\vox_ext_04_001.wav,vox_ext_04,28390,20131024-0900-PLENARY-3-es_20131024-08:59:53_3,"yo misma lo he dicho— podría haberse hecho antes, probablemente sin ningún problema habríamos ganado tiempo, pero las circunstancias son las que son.",yo misma lo he dicho podría haberse hecho antes probablemente sin ningún problema; habríamos ganado tiempo pero las circunstancias son las que son.,female,None,0,7.3394,0,real_external_final,real,voxpopuli_es_test_legacy_archive,tfg_final_real_voxpopuli_es_legacy_v1_2026-09-15
C:\Users\gonza\TFG\Deepfake-Detection\external_final_voxpopuli\real\vox_ext_04\vox_ext_04_002.wav,vox_ext_04,28390,20170405-0900-PLENARY-14-es_20170405-18:01:16_6,"Fue este Parlamento el que lo aprobó y lo negoció con el Consejo —con una gran colaboración con la Comisión, desde luego—.",fue este parlamento el que lo aprobó y lo negoció con el consejo con una gran colaboración con la comisión desde luego.,female,None,0,9.9799,0,real_external_final,real,voxpopuli_es_test_legacy_archive,tfg_final_real_voxpopuli_es_legacy_v1_2026-09-15
C:\Users\gonza\TFG\Deepfake-Detection\external_final_voxpopuli\real\vox_ext_04\vox_ext_04_003.wav,vox_ext_04,28390,20170705-0900-PLENARY-6-es_20170705-10:01:20_7,Por eso hay que dar la bienvenida a que la Presidencia estonia haya hecho bandera de los asuntos digitales en este período.,por eso hay que dar la bienvenida a que la presidencia estonia haya hecho bandera de los asuntos digitales en este período.,female,None,0,8.0591,0,real_external_final,real,voxpopuli_es_test_legacy_archive,tfg_final_real_voxpopuli_es_legacy_v1_2026-09-15
C:\Users\gonza\TFG\Deepfake-Detection\external_final_voxpopuli\real\vox_ext_04\vox_ext_04_004.wav,vox_ext_04,28390,20151214-0900-PLENARY-10-es_20151214-18:36:28_2,"La lista de objetivos políticos que habría que calificar de falta de evidencia científica, según parece entenderse en este caso, sería inmensa.",la lista de objetivos políticos que habría que calificar de falta de evidencia científica según parece entenderse en este caso sería inmensa.,female,None,0,7.2599,0,real_external_final,real,voxpopuli_es_test_legacy_archive,tfg_final_real_voxpopuli_es_legacy_v1_2026-09-15
C:\Users\gonza\TFG\Deepfake-Detection\external_final_voxpopuli\real\vox_ext_04\vox_ext_04_005.wav,vox_ext_04,28390,20171129-0900-PLENARY-13-es_20171129-18:22:02_2,"Es impresionante, por ejemplo, lo que supone, en este sentido y en otros, el propio paquete de invierno que ahora estamos tratando.",es impresionante por ejemplo lo que supone en este sentido y en otros el propio paquete de invierno que ahora estamos tratando.,male,None,0,8.7800,0,real_external_final,real,voxpopuli_es_test_legacy_archive,tfg_final_real_voxpopuli_es_legacy_v1_2026-09-15
C:\Users\gonza\TFG\Deepfake-Detection\external_final_voxpopuli\real\vox_ext_04\vox_ext_04_006.wav,vox_ext_04,28390,20170405-0900-PLENARY-14-es_20170405-18:01:16_3,"tengan mayor libertad de movimiento, tengan más y más oportunidades en la Unión Europea, en el conjunto de los países que la forman.",tengan mayor libertad de movimiento tengan más y más oportunidades en la unión europea en el conjunto de los países que la forman.,female,None,0,9.8200,0,real_external_final,real,voxpopuli_es_test_legacy_archive,tfg_final_real_voxpopuli_es_legacy_v1_2026-09-15
C:\Users\gonza\TFG\Deepfake-Detection\external_final_voxpopuli\real\vox_ext_04\vox_ext_04_007.wav,vox_ext_04,28390,20170705-0900-PLENARY-6-es_20170705-10:01:20_5,Pero la apertura y el no aislacionismo empiezan por la propia casa.,pero la apertura y el no aislacionismo empiezan por la propia casa.,female,None,0,6.5992,0,real_external_final,real,voxpopuli_es_test_legacy_archive,tfg_final_real_voxpopuli_es_legacy_v1_2026-09-15
C:\Users\gonza\TFG\Deepfake-Detection\external_final_voxpopuli\real\vox_ext_04\vox_ext_04_008.wav,vox_ext_04,28390,20170705-0900-PLENARY-6-es_20170705-10:01:20_2,"Pero hoy más que nunca, en una sociedad globalizada, solo mediante una economía abierta y una sociedad abierta podremos seguir avanzando.",pero hoy más que nunca en una sociedad globalizada solo mediante una economía abierta y una sociedad abierta podremos seguir avanzando.,female,None,0,8.9389,0,real_external_final,real,voxpopuli_es_test_legacy_archive,tfg_final_real_voxpopuli_es_legacy_v1_2026-09-15
C:\Users\gonza\TFG\Deepfake-Detection\external_final_voxpopuli\real\vox_ext_04\vox_ext_04_009.wav,vox_ext_04,28390,20171129-0900-PLENARY-13-es_20171129-18:22:02_6,"Hace falta tener, para los proyectos de interés común, esta serie de criterios a la hora de apoyarlo, sobre todo allí donde hay países que tienen grandes problemas en este sentido.",hace falta tener para los proyectos de interés común esta serie de criterios a la hora de apoyarlo sobre todo allí donde hay países que tienen grandes problemas en este sentido.,female,None,0,10.1200,0,real_external_final,real,voxpopuli_es_test_legacy_archive,tfg_final_real_voxpopuli_es_legacy_v1_2026-09-15
C:\Users\gonza\TFG\Deepfake-Detection\external_final_voxpopuli\real\vox_ext_04\vox_ext_04_010.wav,vox_ext_04,28390,20131024-0900-PLENARY-3-es_20131024-08:59:53_11,"Es decir, estamos hablando de temas ya muy debatidos y se trata ahora de que el Parlamento dé un impulso nuevo, para que lo que decidamos sea realmente eficiente.",es decir estamos hablando de temas ya muy debatidos y se trata ahora de que el parlamento dé un impulso nuevo para que lo que decidamos sea realmente eficiente.,female,None,0,9.0989,0,real_external_final,real,voxpopuli_es_test_legacy_archive,tfg_final_real_voxpopuli_es_legacy_v1_2026-09-15
C:\Users\gonza\TFG\Deepfake-Detection\external_final_voxpopuli\real\vox_ext_05\vox_ext_05_001.wav,vox_ext_05,125051,20171005-0900-PLENARY-3-es_20171005-09:23:42_8,Este informe es un primer paso para pedir a la Comisión Europea que regule los derechos de los presos a nivel europeo y que establezca más garantías.,este informe es un primer paso para pedir a la comisión europea que regule los derechos de los presos a nivel europeo y que establezca más garantías.,male,None,0,8.7599,0,real_external_final,real,voxpopuli_es_test_legacy_archive,tfg_final_real_voxpopuli_es_legacy_v1_2026-09-15
C:\Users\gonza\TFG\Deepfake-Detection\external_final_voxpopuli\real\vox_ext_05\vox_ext_05_002.wav,vox_ext_05,125051,20171004-0900-PLENARY-3-es_20171004-10:43:39_12,"Tenéis el apoyo y la solidaridad del pueblo vasco, y pronto recorreremos el mismo",tenéis el apoyo y la solidaridad del pueblo vasco y pronto recorreremos el mismo.,male,None,0,5.1400,0,real_external_final,real,voxpopuli_es_test_legacy_archive,tfg_final_real_voxpopuli_es_legacy_v1_2026-09-15
C:\Users\gonza\TFG\Deepfake-Detection\external_final_voxpopuli\real\vox_ext_05\vox_ext_05_003.wav,vox_ext_05,125051,20170314-0900-PLENARY-3-es_20170314-10:58:15_3,Aquí se trata del modelo de sociedad que queremos tener y que legaremos a nuestras hijas e hijos,aquí se trata del modelo de sociedad que queremos tener y que legaremos a nuestras hijas e hijos;,male,None,0,5.7799,0,real_external_final,real,voxpopuli_es_test_legacy_archive,tfg_final_real_voxpopuli_es_legacy_v1_2026-09-15
C:\Users\gonza\TFG\Deepfake-Detection\external_final_voxpopuli\real\vox_ext_05\vox_ext_05_004.wav,vox_ext_05,125051,20170314-0900-PLENARY-3-es_20170314-10:58:15_10,"Gracias, de nuevo, a la ponente y animo al señor comisario a hacer, como ha dicho, todo lo posible para que en los trílogos no se pierda la ambición y el espíritu de lo propuesto por el Parlamento Europeo.",gracias de nuevo a la ponente y animo al señor comisario a hacer como ha dicho todo lo posible para que en los trílogos no se pierda la ambición y el espíritu de lo propuesto por el parlamento europeo.,male,None,0,10.7600,0,real_external_final,real,voxpopuli_es_test_legacy_archive,tfg_final_real_voxpopuli_es_legacy_v1_2026-09-15
C:\Users\gonza\TFG\Deepfake-Detection\external_final_voxpopuli\real\vox_ext_05\vox_ext_05_005.wav,vox_ext_05,125051,20170516-0900-PLENARY-4-es_20170516-10:17:56_1,"¿Quiénes somos nosotros para negar un futuro a Saled o a Denis, a quienes conocí el viernes en el campo de Mineo?",quiénes somos nosotros para negar un futuro a saled o a denis a quienes conocí el viernes en el campo de mineo?,male,None,0,6.4791,0,real_external_final,real,voxpopuli_es_test_legacy_archive,tfg_final_real_voxpopuli_es_legacy_v1_2026-09-15
C:\Users\gonza\TFG\Deepfake-Detection\external_final_voxpopuli\real\vox_ext_05\vox_ext_05_006.wav,vox_ext_05,125051,20171004-0900-PLENARY-3-es_20171004-10:43:39_10,"No pedimos que lo entiendan, pero sí que lo respeten.",no pedimos que lo entiendan pero sí que lo respeten.,male,None,0,2.8000,0,real_external_final,real,voxpopuli_es_test_legacy_archive,tfg_final_real_voxpopuli_es_legacy_v1_2026-09-15
C:\Users\gonza\TFG\Deepfake-Detection\external_final_voxpopuli\real\vox_ext_05\vox_ext_05_007.wav,vox_ext_05,125051,20170614-0900-PLENARY-5-es_20170614-09:59:44_2,¿Qué mensaje enviamos a la sociedad cuando insistimos en la idea de defender mejor nuestras fronteras?,qué mensaje enviamos a la sociedad cuando insistimos en la idea de defender mejor nuestras fronteras?,male,None,0,5.4192,0,real_external_final,real,voxpopuli_es_test_legacy_archive,tfg_final_real_voxpopuli_es_legacy_v1_2026-09-15
C:\Users\gonza\TFG\Deepfake-Detection\external_final_voxpopuli\real\vox_ext_05\vox_ext_05_008.wav,vox_ext_05,125051,20170515-0900-PLENARY-12-es_20170515-20:22:47_3,"No solo instar al cambio, sino hacer que sea posible, desde la granja a la mesa ―como ilustraba el comisario―, pasando por la distribución.",no solo instar al cambio sino hacer que sea posible desde la granja a la mesa como ilustraba el comisario pasando por la distribución.,male,None,0,7.3600,0,real_external_final,real,voxpopuli_es_test_legacy_archive,tfg_final_real_voxpopuli_es_legacy_v1_2026-09-15
C:\Users\gonza\TFG\Deepfake-Detection\external_final_voxpopuli\real\vox_ext_05\vox_ext_05_009.wav,vox_ext_05,125051,20170516-0900-PLENARY-4-es_20170516-10:17:56_5,Pero ¿necesitamos realmente sufrir nosotros para poder sentir el sufrimiento de estas personas?,pero necesitamos realmente sufrir nosotros para poder sentir el sufrimiento de estas personas?,male,None,0,6.3191,0,real_external_final,real,voxpopuli_es_test_legacy_archive,tfg_final_real_voxpopuli_es_legacy_v1_2026-09-15
C:\Users\gonza\TFG\Deepfake-Detection\external_final_voxpopuli\real\vox_ext_05\vox_ext_05_010.wav,vox_ext_05,125051,20170301-0900-PLENARY-12-es_20170301-18:38:47_5,"En Europa hay cárceles temporales para estos niños, que siguen siendo objeto de devoluciones en caliente.",en europa hay cárceles temporales para estos niños que siguen siendo objeto de devoluciones en caliente.,male,None,0,5.7600,0,real_external_final,real,voxpopuli_es_test_legacy_archive,tfg_final_real_voxpopuli_es_legacy_v1_2026-09-15
C:\Users\gonza\TFG\Deepfake-Detection\external_final_voxpopuli\real\vox_ext_06\vox_ext_06_001.wav,vox_ext_06,4555,20120612-0900-PLENARY-6-es_20120612-13:14:26_3,"Para transmitir que quien la hace, la paga, los ciudadanos están rescatando bancos que se involucraron en prácticas de dudosa moralidad y sostenibilidad.",para transmitir que quien la hace la paga los ciudadanos están rescatando bancos que se involucraron en prácticas de dudosa moralidad y sostenibilidad.,male,None,0,11.9379,0,real_external_final,real,voxpopuli_es_test_legacy_archive,tfg_final_real_voxpopuli_es_legacy_v1_2026-09-15
C:\Users\gonza\TFG\Deepfake-Detection\external_final_voxpopuli\real\vox_ext_06\vox_ext_06_002.wav,vox_ext_06,4555,20120612-0900-PLENARY-6-es_20120612-12:59:31_1,Y lo sabemos por la sencilla razón de que ya lo hemos visto en Grecia e Irlanda.,y lo sabemos por la sencilla razón de que ya lo hemos visto en grecia e irlanda.,male,None,0,5.5191,0,real_external_final,real,voxpopuli_es_test_legacy_archive,tfg_final_real_voxpopuli_es_legacy_v1_2026-09-15
C:\Users\gonza\TFG\Deepfake-Detection\external_final_voxpopuli\real\vox_ext_06\vox_ext_06_003.wav,vox_ext_06,4555,20120613-0900-PLENARY-8-es_20120613-13:20:21_5,Los españoles van a ver cómo sus ahorros pierden valor y cómo el importe de sus deudas se disparan.,los españoles van a ver cómo sus ahorros pierden valor y cómo el importe de sus deudas se disparan.,male,None,0,5.2399,0,real_external_final,real,voxpopuli_es_test_legacy_archive,tfg_final_real_voxpopuli_es_legacy_v1_2026-09-15
C:\Users\gonza\TFG\Deepfake-Detection\external_final_voxpopuli\real\vox_ext_06\vox_ext_06_004.wav,vox_ext_06,4555,20120613-0900-PLENARY-8-es_20120613-13:34:39_0,"Señora Presidenta, es doloroso ver cómo la tierra de luz y de alegría es consumida por la más profunda depresión social.",señora presidenta es doloroso ver cómo la tierra de luz y de alegría es consumida por la más profunda depresión social.,male,None,0,7.4787,0,real_external_final,real,voxpopuli_es_test_legacy_archive,tfg_final_real_voxpopuli_es_legacy_v1_2026-09-15
C:\Users\gonza\TFG\Deepfake-Detection\external_final_voxpopuli\real\vox_ext_06\vox_ext_06_005.wav,vox_ext_06,4555,20120704-0900-PLENARY-8-es_20120704-13:46:45_3,"El rescate reciente no ha solucionado la crisis de deuda española sino que la ha agravado, añadiendo hasta 100 millones más al pasivo del país.",el rescate reciente no ha solucionado la crisis de deuda española sino que la ha agravado añadiendo hasta cien cero millones más al pasivo del país.,male,None,0,10.3582,0,real_external_final,real,voxpopuli_es_test_legacy_archive,tfg_final_real_voxpopuli_es_legacy_v1_2026-09-15
C:\Users\gonza\TFG\Deepfake-Detection\external_final_voxpopuli\real\vox_ext_06\vox_ext_06_006.wav,vox_ext_06,4555,20120704-0900-PLENARY-8-es_20120704-13:46:45_0,"Señor Presidente, no ha habido un solo rescate que haya tenido las consecuencias que le daban, en principio, su razón de ser.",señor presidente no ha habido un solo rescate que haya tenido las consecuencias que le daban en principio su razón de ser.,male,None,0,7.2986,0,real_external_final,real,voxpopuli_es_test_legacy_archive,tfg_final_real_voxpopuli_es_legacy_v1_2026-09-15
C:\Users\gonza\TFG\Deepfake-Detection\external_final_voxpopuli\real\vox_ext_06\vox_ext_06_007.wav,vox_ext_06,4555,20120704-0900-PLENARY-8-es_20120704-13:46:45_4,La dura verdad es que hemos sido testigos de las consecuencias nefastas de una fiebre de crédito artificialmente barato.,la dura verdad es que hemos sido testigos de las consecuencias nefastas de una fiebre de crédito artificialmente barato.,male,None,0,8.3786,0,real_external_final,real,voxpopuli_es_test_legacy_archive,tfg_final_real_voxpopuli_es_legacy_v1_2026-09-15
C:\Users\gonza\TFG\Deepfake-Detection\external_final_voxpopuli\real\vox_ext_06\vox_ext_06_008.wav,vox_ext_06,4555,20160706-0900-PLENARY-9-es_20160706-13:55:37_4,"Hemos votado por un futuro en el que el Reino Unido participe en los asuntos de todos los continentes, incluida Europa",hemos votado por un futuro en el que el reino unido participe en los asuntos de todos los continentes incluida europa;,male,None,0,6.4389,0,real_external_final,real,voxpopuli_es_test_legacy_archive,tfg_final_real_voxpopuli_es_legacy_v1_2026-09-15
C:\Users\gonza\TFG\Deepfake-Detection\external_final_voxpopuli\real\vox_ext_06\vox_ext_06_009.wav,vox_ext_06,4555,20120612-0900-PLENARY-6-es_20120612-12:59:31_5,"Por desgracia, no prosperará hasta que se le deje ser independiente y gestionar su economía en base a sus propios intereses.",por desgracia no prosperará hasta que se le deje ser independiente y gestionar su economía en base a sus propios intereses.,male,None,0,9.4185,0,real_external_final,real,voxpopuli_es_test_legacy_archive,tfg_final_real_voxpopuli_es_legacy_v1_2026-09-15
C:\Users\gonza\TFG\Deepfake-Detection\external_final_voxpopuli\real\vox_ext_06\vox_ext_06_010.wav,vox_ext_06,4555,20120613-0900-PLENARY-8-es_20120613-13:20:21_3,El pueblo español conoce a la perfección algo que la soberbia burocrática quiere negar tozudamente.,el pueblo español conoce a la perfección algo que la soberbia burocrática quiere negar tozudamente.,male,None,0,6.4800,0,real_external_final,real,voxpopuli_es_test_legacy_archive,tfg_final_real_voxpopuli_es_legacy_v1_2026-09-15
C:\Users\gonza\TFG\Deepfake-Detection\external_final_voxpopuli\real\vox_ext_07\vox_ext_07_001.wav,vox_ext_07,125033,20140917-0900-PLENARY-14-es_20140917-20:22:45_0,"Señor Presidente, Señorías, se han puesto muchos datos sobre la mesa pero falta uno.",señor presidente señorías se han puesto muchos datos sobre la mesa pero falta uno.,female,None,0,5.2001,0,real_external_final,real,voxpopuli_es_test_legacy_archive,tfg_final_real_voxpopuli_es_legacy_v1_2026-09-15
C:\Users\gonza\TFG\Deepfake-Detection\external_final_voxpopuli\real\vox_ext_07\vox_ext_07_002.wav,vox_ext_07,125033,20140917-0900-PLENARY-14-es_20140917-20:22:45_11,Un régimen colonial nunca abandona sus territorios si no se le obliga.,un régimen colonial nunca abandona sus territorios si no se le obliga.,female,None,0,3.9199,0,real_external_final,real,voxpopuli_es_test_legacy_archive,tfg_final_real_voxpopuli_es_legacy_v1_2026-09-15
C:\Users\gonza\TFG\Deepfake-Detection\external_final_voxpopuli\real\vox_ext_07\vox_ext_07_003.wav,vox_ext_07,125033,20141022-0900-PLENARY-11-es_20141022-17:20:15_0,"Señor Presidente, un fantasma recorre el mundo las revoluciones democráticas contra la oligarquía financiera que nos saquea y empobrece.",señor presidente un fantasma recorre el mundo las revoluciones democráticas contra la oligarquía financiera que nos saquea y empobrece.,female,None,0,9.2599,0,real_external_final,real,voxpopuli_es_test_legacy_archive,tfg_final_real_voxpopuli_es_legacy_v1_2026-09-15
C:\Users\gonza\TFG\Deepfake-Detection\external_final_voxpopuli\real\vox_ext_07\vox_ext_07_004.wav,vox_ext_07,125033,20141126-0900-PLENARY-13-es_20141126-16:38:25_4,¿Acaso no interviene la Unión Europea cuando sus miembros venden armas a Israel?,acaso no interviene la unión europea cuando sus miembros venden armas a israel?,male,None,0,4.0196,0,real_external_final,real,voxpopuli_es_test_legacy_archive,tfg_final_real_voxpopuli_es_legacy_v1_2026-09-15
C:\Users\gonza\TFG\Deepfake-Detection\external_final_voxpopuli\real\vox_ext_07\vox_ext_07_005.wav,vox_ext_07,125033,20141022-0900-PLENARY-11-es_20141022-17:20:15_2,"Los movimientos populares están en todas partes —en Túnez, en Egipto, en las plazas en España durante el movimiento de los indignados y también en Asia—.",los movimientos populares están en todas partes en túnez en egipto en las plazas en españa durante el movimiento de los indignados y también en asia.,male,None,0,7.8199,0,real_external_final,real,voxpopuli_es_test_legacy_archive,tfg_final_real_voxpopuli_es_legacy_v1_2026-09-15
C:\Users\gonza\TFG\Deepfake-Detection\external_final_voxpopuli\real\vox_ext_07\vox_ext_07_006.wav,vox_ext_07,125033,20140716-0900-PLENARY-16-es_20140716-19:12:00_5,"2012, operación Pilar de Defensa.",dos mil doce operación pilar de defensa.,female,None,0,1.7800,0,real_external_final,real,voxpopuli_es_test_legacy_archive,tfg_final_real_voxpopuli_es_legacy_v1_2026-09-15
C:\Users\gonza\TFG\Deepfake-Detection\external_final_voxpopuli\real\vox_ext_07\vox_ext_07_007.wav,vox_ext_07,125033,20140716-0900-PLENARY-16-es_20140716-19:12:00_0,"Señora Presidenta, el muro de Israel vulnera la legalidad internacional y los principios de la Carta de las Naciones Unidas, divide familias y pueblos y hace la vida normal impracticable.",señora presidenta el muro de israel vulnera la legalidad internacional y los principios de la carta de las naciones unidas divide familias y pueblos y hace la vida normal impracticable.,female,None,0,10.1199,0,real_external_final,real,voxpopuli_es_test_legacy_archive,tfg_final_real_voxpopuli_es_legacy_v1_2026-09-15
C:\Users\gonza\TFG\Deepfake-Detection\external_final_voxpopuli\real\vox_ext_07\vox_ext_07_008.wav,vox_ext_07,125033,20141125-0900-PLENARY-16-es_20141125-20:11:13_8,"Hay vídeos, hay fotos, hay testimonios de todo tipo.",hay vídeos hay fotos hay testimonios de todo tipo.,male,None,0,2.8996,0,real_external_final,real,voxpopuli_es_test_legacy_archive,tfg_final_real_voxpopuli_es_legacy_v1_2026-09-15
C:\Users\gonza\TFG\Deepfake-Detection\external_final_voxpopuli\real\vox_ext_07\vox_ext_07_009.wav,vox_ext_07,125033,20141022-0900-PLENARY-11-es_20141022-17:20:15_7,"mostraremos nuestra solidaridad con todos aquellos que sufren la represión por pedir libertad, democracia e igualdad social.",mostraremos nuestra solidaridad con todos aquellos que sufren la represión por pedir libertad democracia e igualdad social.,female,None,0,5.5600,0,real_external_final,real,voxpopuli_es_test_legacy_archive,tfg_final_real_voxpopuli_es_legacy_v1_2026-09-15
C:\Users\gonza\TFG\Deepfake-Detection\external_final_voxpopuli\real\vox_ext_07\vox_ext_07_010.wav,vox_ext_07,125033,20140917-0900-PLENARY-14-es_20140917-20:22:45_8,Este conflicto es un conflicto colonial.,este conflicto es un conflicto colonial.,male,None,0,2.5399,0,real_external_final,real,voxpopuli_es_test_legacy_archive,tfg_final_real_voxpopuli_es_legacy_v1_2026-09-15
C:\Users\gonza\TFG\Deepfake-Detection\external_final_voxpopuli\real\vox_ext_08\vox_ext_08_001.wav,vox_ext_08,105596,20101215-0900-PLENARY-7-es_20101215-13:09:30_22,Si algo hago en compañía de mis colegas disidentes es desterrar de mi alma cualquier rencor contra mis adversarios políticos.,si algo hago en compañía de mis colegas disidentes es desterrar de mi alma cualquier rencor contra mis adversarios políticos.,male,None,0,7.9790,0,real_external_final,real,voxpopuli_es_test_legacy_archive,tfg_final_real_voxpopuli_es_legacy_v1_2026-09-15
C:\Users\gonza\TFG\Deepfake-Detection\external_final_voxpopuli\real\vox_ext_08\vox_ext_08_002.wav,vox_ext_08,105596,20101215-0900-PLENARY-7-es_20101215-13:09:30_26,"Muchas gracias, respetables eurodiputados, por este gesto de no olvidar las calamidades que sufrimos y así acercar la luz de la libertad a mi patria.",muchas gracias respetables eurodiputados por este gesto de no olvidar las calamidades que sufrimos y así acercar la luz de la libertad a mi patria.,male,None,0,9.5390,0,real_external_final,real,voxpopuli_es_test_legacy_archive,tfg_final_real_voxpopuli_es_legacy_v1_2026-09-15
C:\Users\gonza\TFG\Deepfake-Detection\external_final_voxpopuli\real\vox_ext_08\vox_ext_08_003.wav,vox_ext_08,105596,20101215-0900-PLENARY-7-es_20101215-13:09:30_7,"Junto a ustedes, de seguro, habrá sentados ex presos políticos o de conciencia recientemente excarcelados por el comunismo salvaje. Sería un error pensar que fueron puestos en libertad.",junto a ustedes de seguro habrá sentados ex presos políticos o de conciencia recientemente excarcelados por el comunismo salvaje. sería un error pensar que fueron puestos en libertad.,male,None,0,11.6800,0,real_external_final,real,voxpopuli_es_test_legacy_archive,tfg_final_real_voxpopuli_es_legacy_v1_2026-09-15
C:\Users\gonza\TFG\Deepfake-Detection\external_final_voxpopuli\real\vox_ext_08\vox_ext_08_004.wav,vox_ext_08,105596,20101215-0900-PLENARY-7-es_20101215-13:09:30_8,"Ellos y sus familiares soportan un destierro psicológico, pues sus seres más queridos resultaron extorsionados por el Gobierno neoestalinista cubano.",ellos y sus familiares soportan un destierro psicológico pues sus seres más queridos resultaron extorsionados por el gobierno neoestalinista cubano.,male,None,0,9.7400,0,real_external_final,real,voxpopuli_es_test_legacy_archive,tfg_final_real_voxpopuli_es_legacy_v1_2026-09-15
C:\Users\gonza\TFG\Deepfake-Detection\external_final_voxpopuli\real\vox_ext_08\vox_ext_08_005.wav,vox_ext_08,105596,20101215-0900-PLENARY-7-es_20101215-13:09:30_21,"Y si Dios nos ayuda, la ganaremos sin derramamientos de sangre.",y si dios nos ayuda la ganaremos sin derramamientos de sangre.,male,None,0,4.1600,0,real_external_final,real,voxpopuli_es_test_legacy_archive,tfg_final_real_voxpopuli_es_legacy_v1_2026-09-15
C:\Users\gonza\TFG\Deepfake-Detection\external_final_voxpopuli\real\vox_ext_08\vox_ext_08_006.wav,vox_ext_08,105596,20101215-0900-PLENARY-7-es_20101215-13:09:30_27,Quiera Dios que pronto en Cuba se logre la reconciliación entre sus hijos y esta sea bendecida con la democracia.,quiera dios que pronto en cuba se logre la reconciliación entre sus hijos y esta sea bendecida con la democracia.,male,None,0,7.6000,0,real_external_final,real,voxpopuli_es_test_legacy_archive,tfg_final_real_voxpopuli_es_legacy_v1_2026-09-15
C:\Users\gonza\TFG\Deepfake-Detection\external_final_voxpopuli\real\vox_ext_08\vox_ext_08_007.wav,vox_ext_08,105596,20101215-0900-PLENARY-7-es_20101215-13:09:30_3,"Dentro de las mentalidades de los gobernantes cubanos actuales, nosotros, sus ciudadanos, somos lo que fueron mis ancestros secuestrados en África y traídos a la fuerza a América en pasados siglos.",dentro de las mentalidades de los gobernantes cubanos actuales nosotros sus ciudadanos somos lo que fueron mis ancestros secuestrados en áfrica y traídos a la fuerza a américa en pasados siglos.,male,None,0,11.8197,0,real_external_final,real,voxpopuli_es_test_legacy_archive,tfg_final_real_voxpopuli_es_legacy_v1_2026-09-15
C:\Users\gonza\TFG\Deepfake-Detection\external_final_voxpopuli\real\vox_ext_08\vox_ext_08_008.wav,vox_ext_08,105596,20101215-0900-PLENARY-7-es_20101215-13:09:30_24,Gracias al Parlamento Europeo por no abandonar al pueblo cubano en este bregar de más de medio siglo hacia la democracia.,gracias al parlamento europeo por no abandonar al pueblo cubano en este bregar de más de medio siglo hacia la democracia.,male,None,0,6.2200,0,real_external_final,real,voxpopuli_es_test_legacy_archive,tfg_final_real_voxpopuli_es_legacy_v1_2026-09-15
C:\Users\gonza\TFG\Deepfake-Detection\external_final_voxpopuli\real\vox_ext_08\vox_ext_08_009.wav,vox_ext_08,105596,20101215-0900-PLENARY-7-es_20101215-13:09:30_11,Por eso aspiramos a contar con vuestro apoyo.,por eso aspiramos a contar con vuestro apoyo.,male,None,0,2.3999,0,real_external_final,real,voxpopuli_es_test_legacy_archive,tfg_final_real_voxpopuli_es_legacy_v1_2026-09-15
C:\Users\gonza\TFG\Deepfake-Detection\external_final_voxpopuli\real\vox_ext_08\vox_ext_08_010.wav,vox_ext_08,105596,20101215-0900-PLENARY-7-es_20101215-13:09:30_15,"Quinto, aceptar públicamente que todos los cubanos residentes en la diáspora tienen el derecho a participar en la vida cultural, económica, política y social de Cuba.",quinto aceptar públicamente que todos los cubanos residentes en la diáspora tienen el derecho a participar en la vida cultural económica política y social de cuba.,male,None,0,10.7800,0,real_external_final,real,voxpopuli_es_test_legacy_archive,tfg_final_real_voxpopuli_es_legacy_v1_2026-09-15
C:\Users\gonza\TFG\Deepfake-Detection\external_final_voxpopuli\real\vox_ext_09\vox_ext_09_001.wav,vox_ext_09,97024,20100208-0900-PLENARY-8-es_20100208-18:14:57_10,"Con esta propuesta vamos a disponer de más medios, más eficaces, para luchar contra el fraude y la evasión fiscal en Europa.",con esta propuesta vamos a disponer de más medios más eficaces para luchar contra el fraude y la evasión fiscal en europa.,female,None,0,6.9000,0,real_external_final,real,voxpopuli_es_test_legacy_archive,tfg_final_real_voxpopuli_es_legacy_v1_2026-09-15
C:\Users\gonza\TFG\Deepfake-Detection\external_final_voxpopuli\real\vox_ext_09\vox_ext_09_002.wav,vox_ext_09,97024,20100208-0900-PLENARY-8-es_20100208-18:14:57_6,"Esta cifra supone el doble de los costes del plan de relanzamiento de la economía propuesto por la Comisión, por lo que nos permite apreciar su gran magnitud.",esta cifra supone el doble de los costes del plan de relanzamiento de la economía propuesto por la comisión por lo que nos permite apreciar su gran magnitud.,female,None,0,8.4396,0,real_external_final,real,voxpopuli_es_test_legacy_archive,tfg_final_real_voxpopuli_es_legacy_v1_2026-09-15
C:\Users\gonza\TFG\Deepfake-Detection\external_final_voxpopuli\real\vox_ext_09\vox_ext_09_003.wav,vox_ext_09,97024,20100208-0900-PLENARY-8-es_20100208-19:58:30_3,Los Estados miembros son parte de un proyecto político y las relaciones entre sus sistemas fiscales deben ser acordes con este proyecto político.,los estados miembros son parte de un proyecto político y las relaciones entre sus sistemas fiscales deben ser acordes con este proyecto político.,female,None,0,9.4999,0,real_external_final,real,voxpopuli_es_test_legacy_archive,tfg_final_real_voxpopuli_es_legacy_v1_2026-09-15
C:\Users\gonza\TFG\Deepfake-Detection\external_final_voxpopuli\real\vox_ext_09\vox_ext_09_004.wav,vox_ext_09,97024,20100705-0900-PLENARY-13-es_20100705-19:43:54_6,El segundo grupo de enmiendas de particular importancia es el impulso de dos modos de transporte el ferrocarril y el transporte marítimo y fluvial.,el segundo grupo de enmiendas de particular importancia es el impulso de dos modos de transporte el ferrocarril y el transporte marítimo y fluvial.,female,None,0,7.5594,0,real_external_final,real,voxpopuli_es_test_legacy_archive,tfg_final_real_voxpopuli_es_legacy_v1_2026-09-15
C:\Users\gonza\TFG\Deepfake-Detection\external_final_voxpopuli\real\vox_ext_09\vox_ext_09_005.wav,vox_ext_09,97024,20100208-0900-PLENARY-8-es_20100208-18:14:57_15,"El levantamiento del secreto bancario ha sido una vieja reivindicación de la OCDE, recuperada por el G 20.",el levantamiento del secreto bancario ha sido una vieja reivindicación de la ocde recuperada por el g veinte.,female,None,0,6.6400,0,real_external_final,real,voxpopuli_es_test_legacy_archive,tfg_final_real_voxpopuli_es_legacy_v1_2026-09-15
C:\Users\gonza\TFG\Deepfake-Detection\external_final_voxpopuli\real\vox_ext_09\vox_ext_09_006.wav,vox_ext_09,97024,20100705-0900-PLENARY-13-es_20100705-19:43:54_10,Me refiero a las condiciones de trabajo de los trabajadores y a los derechos de los pasajeros.,me refiero a las condiciones de trabajo de los trabajadores y a los derechos de los pasajeros.,female,None,0,5.3599,0,real_external_final,real,voxpopuli_es_test_legacy_archive,tfg_final_real_voxpopuli_es_legacy_v1_2026-09-15
C:\Users\gonza\TFG\Deepfake-Detection\external_final_voxpopuli\real\vox_ext_09\vox_ext_09_007.wav,vox_ext_09,97024,20100208-0900-PLENARY-8-es_20100208-18:14:57_11,"En este sentido, la nueva Directiva supone un salto cuantitativo y cualitativo cuantitativo porque establece nuevas obligaciones y cualitativo porque amplía y concreta las ya contempladas.",en este sentido la nueva directiva supone un salto cuantitativo y cualitativo cuantitativo porque establece nuevas obligaciones y cualitativo porque amplía y concreta las ya contempladas.,female,None,0,11.7789,0,real_external_final,real,voxpopuli_es_test_legacy_archive,tfg_final_real_voxpopuli_es_legacy_v1_2026-09-15
C:\Users\gonza\TFG\Deepfake-Detection\external_final_voxpopuli\real\vox_ext_09\vox_ext_09_008.wav,vox_ext_09,97024,20100208-0900-PLENARY-8-es_20100208-18:14:57_2,"Se trata de la lealtad entre los Estados miembros, entre sus administraciones fiscales",se trata de la lealtad entre los estados miembros entre sus administraciones fiscales;,female,None,0,4.2398,0,real_external_final,real,voxpopuli_es_test_legacy_archive,tfg_final_real_voxpopuli_es_legacy_v1_2026-09-15
C:\Users\gonza\TFG\Deepfake-Detection\external_final_voxpopuli\real\vox_ext_09\vox_ext_09_009.wav,vox_ext_09,97024,20100208-0900-PLENARY-8-es_20100208-18:14:57_0,"Señor Presidente, queridos colegas, la Unión Europea se basa en una relación de solidaridad entre sus Estados miembros.",señor presidente queridos colegas la unión europea se basa en una relación de solidaridad entre sus estados miembros.,female,None,0,6.3798,0,real_external_final,real,voxpopuli_es_test_legacy_archive,tfg_final_real_voxpopuli_es_legacy_v1_2026-09-15
C:\Users\gonza\TFG\Deepfake-Detection\external_final_voxpopuli\real\vox_ext_09\vox_ext_09_010.wav,vox_ext_09,97024,20100208-0900-PLENARY-8-es_20100208-19:58:30_12,"Y si, aun así, lo intentan, tendremos más instrumentos más eficaces para perseguir dicho fraude.",y si aun así lo intentan tendremos más instrumentos más eficaces para perseguir dicho fraude.,female,None,0,6.6199,0,real_external_final,real,voxpopuli_es_test_legacy_archive,tfg_final_real_voxpopuli_es_legacy_v1_2026-09-15
C:\Users\gonza\TFG\Deepfake-Detection\external_final_voxpopuli\real\vox_ext_10\vox_ext_10_001.wav,vox_ext_10,125035,20160414-0900-PLENARY-7-es_20160414-11:27:36_5,"Por eso, insisto, espero contar con su apoyo para aprobar la enmienda que pide una investigación internacional de estas cuestiones bajo el auspicio de las Naciones Unidas.",por eso insisto espero contar con su apoyo para aprobar la enmienda que pide una investigación internacional de estas cuestiones bajo el auspicio de las naciones unidas.,female,None,0,9.6600,0,real_external_final,real,voxpopuli_es_test_legacy_archive,tfg_final_real_voxpopuli_es_legacy_v1_2026-09-15
C:\Users\gonza\TFG\Deepfake-Detection\external_final_voxpopuli\real\vox_ext_10\vox_ext_10_002.wav,vox_ext_10,125035,20160414-0900-PLENARY-7-es_20160414-11:27:36_2,"Y sobre todo para el pueblo nigeriano, un claro apoyo en la lucha por sus derechos que a la hora de la verdad le corresponde a él librar.",y sobre todo para el pueblo nigeriano un claro apoyo en la lucha por sus derechos que a la hora de la verdad le corresponde a él librar.,female,None,0,7.6800,0,real_external_final,real,voxpopuli_es_test_legacy_archive,tfg_final_real_voxpopuli_es_legacy_v1_2026-09-15
C:\Users\gonza\TFG\Deepfake-Detection\external_final_voxpopuli\real\vox_ext_10\vox_ext_10_003.wav,vox_ext_10,125035,20151216-0900-PLENARY-13-es_20151216-16:11:54_5,¿Qué exporta Europa al mundo?,qué exporta europa al mundo?,female,None,0,1.8396,0,real_external_final,real,voxpopuli_es_test_legacy_archive,tfg_final_real_voxpopuli_es_legacy_v1_2026-09-15
C:\Users\gonza\TFG\Deepfake-Detection\external_final_voxpopuli\real\vox_ext_10\vox_ext_10_004.wav,vox_ext_10,125035,20151216-0900-PLENARY-13-es_20151216-16:11:54_8,"Esta todavía no es la Europa de los derechos humanos, por mucho que hablemos de ellos.",esta todavía no es la europa de los derechos humanos por mucho que hablemos de ellos.,female,None,0,3.8194,0,real_external_final,real,voxpopuli_es_test_legacy_archive,tfg_final_real_voxpopuli_es_legacy_v1_2026-09-15
C:\Users\gonza\TFG\Deepfake-Detection\external_final_voxpopuli\real\vox_ext_10\vox_ext_10_005.wav,vox_ext_10,125035,20151216-0900-PLENARY-13-es_20151216-16:11:54_3,"El intento de bloqueo del tratado vinculante de las Naciones Unidas sobre multinacionales y derechos humanos es solamente un ejemplo de esto, de este cinismo.",el intento de bloqueo del tratado vinculante de las naciones unidas sobre multinacionales y derechos humanos es solamente un ejemplo de esto de este cinismo.,female,None,0,6.7191,0,real_external_final,real,voxpopuli_es_test_legacy_archive,tfg_final_real_voxpopuli_es_legacy_v1_2026-09-15
C:\Users\gonza\TFG\Deepfake-Detection\external_final_voxpopuli\real\vox_ext_10\vox_ext_10_006.wav,vox_ext_10,125035,20160414-0900-PLENARY-7-es_20160414-11:27:36_1,"Para las autoridades nigerianas, unas guías para que la persecución de unos crímenes no las lleve a cometer otros y a entrar así en una espiral de difícil salida.",para las autoridades nigerianas unas guías para que la persecución de unos crímenes no las lleve a cometer otros y a entrar así en una espiral de difícil salida.,female,None,0,9.4199,0,real_external_final,real,voxpopuli_es_test_legacy_archive,tfg_final_real_voxpopuli_es_legacy_v1_2026-09-15
C:\Users\gonza\TFG\Deepfake-Detection\external_final_voxpopuli\real\vox_ext_10\vox_ext_10_007.wav,vox_ext_10,125035,20180530-0900-PLENARY-28-es_20180530-21:32:01_0,"Sí, claro, esa prevención debería estar dedicada a los hombres que violan y, a lo mejor, a tener eyaculaciones controladas, ¿no?",sí claro esa prevención debería estar dedicada a los hombres que violan y a lo mejor a tener eyaculaciones controladas no?,female,None,0,6.5800,0,real_external_final,real,voxpopuli_es_test_legacy_archive,tfg_final_real_voxpopuli_es_legacy_v1_2026-09-15
C:\Users\gonza\TFG\Deepfake-Detection\external_final_voxpopuli\real\vox_ext_10\vox_ext_10_008.wav,vox_ext_10,125035,20151216-0900-PLENARY-13-es_20151216-16:11:54_2,la degradación medioambiental y las violaciones de derechos son sus daños colaterales.,la degradación medioambiental y las violaciones de derechos son sus daños colaterales.,female,None,0,4.3393,0,real_external_final,real,voxpopuli_es_test_legacy_archive,tfg_final_real_voxpopuli_es_legacy_v1_2026-09-15
C:\Users\gonza\TFG\Deepfake-Detection\external_final_voxpopuli\real\vox_ext_10\vox_ext_10_009.wav,vox_ext_10,125035,20151216-0900-PLENARY-13-es_20151216-16:11:54_1,"¿Estamos respetando estas obligaciones? Evidentemente, no. Nuestra política comercial solo busca el beneficio empresarial",estamos respetando estas obligaciones? evidentemente no. nuestra política comercial solo busca el beneficio empresarial;,female,None,0,6.7790,0,real_external_final,real,voxpopuli_es_test_legacy_archive,tfg_final_real_voxpopuli_es_legacy_v1_2026-09-15
C:\Users\gonza\TFG\Deepfake-Detection\external_final_voxpopuli\real\vox_ext_10\vox_ext_10_010.wav,vox_ext_10,125035,20160414-0900-PLENARY-7-es_20160414-11:27:36_4,"Porque la explotación de los recursos naturales, el abuso laboral y el fraude fiscal contribuyen directa e indirectamente al auge de la violencia.",porque la explotación de los recursos naturales el abuso laboral y el fraude fiscal contribuyen directa e indirectamente al auge de la violencia.,female,None,0,9.0800,0,real_external_final,real,voxpopuli_es_test_legacy_archive,tfg_final_real_voxpopuli_es_legacy_v1_2026-09-15
