file,label,class,generator,model,speaker,reference_file,original_reference_file,reference_text,target_text,language,clone_mode,seed,stream,speed,fp16,sample_rate,channels,duration_s,peak,rms,clipped_fraction,sha256
cosyvoice_001.wav,1,fake,Fun-CosyVoice3,Fun-CosyVoice3-0.5B,vox_ext_01,C:\Users\gonza\TFG\Deepfake-Detection\_external_fake_build\rvc_sources\spk01_01__vox_ext_01_002.wav,vox_ext_01_002.wav,si lo conseguimos todos los que estamos aquí empezando por todos los convencionados que nos reunimos en esta noche habremos dado un paso de gigante por el que habrá merecido la pena estar en este parlamento.,La reunión comenzará a las nueve de la mañana en la sala principal.,Spanish,zero_shot,2026091601,False,1.0,True,24000,1,3.880000,0.51470947,0.08921324,0.00000000,c16c0ad2bbb232f4f46396d5bec83ff697502c3dc2e4056f7d898c25f3a26fa5
cosyvoice_002.wav,1,fake,Fun-CosyVoice3,Fun-CosyVoice3-0.5B,vox_ext_01,C:\Users\gonza\TFG\Deepfake-Detection\_external_fake_build\rvc_sources\spk01_02__vox_ext_01_004.wav,vox_ext_01_004.wav,he tratado de trabajar dignamente en nombre de los ciudadanos de mi país y del conjunto de los europeos y ha habido momentos verdaderamente especiales en ese esfuerzo como por ejemplo fue la convención.,El tren llegó a la estación unos minutos antes de lo previsto.,Spanish,zero_shot,2026091602,False,1.0,True,24000,1,4.320000,0.56161499,0.06707820,0.00000000,469337ffff8f5e481be8205ed5d1d1902b8097b6f64b3f4739f8fc18578d8780
cosyvoice_003.wav,1,fake,Fun-CosyVoice3,Fun-CosyVoice3-0.5B,vox_ext_02,C:\Users\gonza\TFG\Deepfake-Detection\_external_fake_build\rvc_sources\spk02_01__vox_ext_02_005.wav,vox_ext_02_005.wav,las negociaciones deben producir un cambio real;,Durante la tarde esperamos cielos despejados y temperaturas suaves.,Spanish,zero_shot,2026091603,False,1.0,True,24000,1,5.200000,0.33050537,0.04700727,0.00000000,81aebf14fef5496688746a25e1f1e28587a99845f964432fb806809e47653edb
cosyvoice_004.wav,1,fake,Fun-CosyVoice3,Fun-CosyVoice3-0.5B,vox_ext_02,C:\Users\gonza\TFG\Deepfake-Detection\_external_fake_build\rvc_sources\spk02_02__vox_ext_02_006.wav,vox_ext_02_006.wav,el gobierno de ortega nos ha demostrado una y otra vez su verdadera cara e intenciones.,La biblioteca permanecerá abierta hasta las ocho de la noche.,Spanish,zero_shot,2026091604,False,1.0,True,24000,1,4.440000,0.68469238,0.09357923,0.00000000,b423295a140af7d2e53c19390c96b4a023069cea5752932ae7685ad752e4ced5
cosyvoice_005.wav,1,fake,Fun-CosyVoice3,Fun-CosyVoice3-0.5B,vox_ext_03,C:\Users\gonza\TFG\Deepfake-Detection\_external_fake_build\rvc_sources\spk03_01__vox_ext_03_006.wav,vox_ext_03_006.wav,dicho acuerdo recoge en su protocolo diecinueve la fórmula jurídica inequívoca que deberán utilizar aquellos estados que deseen participar en las disposiciones del mismo.,Mañana revisaremos los resultados obtenidos durante la última prueba.,Spanish,zero_shot,2026091605,False,1.0,True,24000,1,5.200000,0.87683105,0.12651709,0.00000000,197920d6795639696c01a222811309e5ca545384de9d59c7863359f05959b7f4
cosyvoice_006.wav,1,fake,Fun-CosyVoice3,Fun-CosyVoice3-0.5B,vox_ext_03,C:\Users\gonza\TFG\Deepfake-Detection\_external_fake_build\rvc_sources\spk03_02__vox_ext_03_007.wav,vox_ext_03_007.wav,este procedimiento aquí no se ha respetado algo obligatorio al ser eurosur un desarrollo del acervo de schengen.,El sistema procesa cada archivo de manera independiente y ordenada.,Spanish,zero_shot,2026091606,False,1.0,True,24000,1,5.120000,0.98999023,0.14297795,0.00000000,ff03376137607cceb78782778a5a67927f027a6e099adf9690304bb9a91f784f
cosyvoice_007.wav,1,fake,Fun-CosyVoice3,Fun-CosyVoice3-0.5B,vox_ext_04,C:\Users\gonza\TFG\Deepfake-Detection\_external_fake_build\rvc_sources\spk04_01__vox_ext_04_003.wav,vox_ext_04_003.wav,por eso hay que dar la bienvenida a que la presidencia estonia haya hecho bandera de los asuntos digitales en este período.,La carretera atraviesa varios pueblos antes de llegar a la ciudad.,Spanish,zero_shot,2026091607,False,1.0,True,24000,1,4.400000,0.83654785,0.10844205,0.00000000,fccf01dbe764fc20f613a55bf7298f9ac1ba263d2b8c0b264f7161b5bae3d026
cosyvoice_008.wav,1,fake,Fun-CosyVoice3,Fun-CosyVoice3-0.5B,vox_ext_04,C:\Users\gonza\TFG\Deepfake-Detection\_external_fake_build\rvc_sources\spk04_02__vox_ext_04_004.wav,vox_ext_04_004.wav,la lista de objetivos políticos que habría que calificar de falta de evidencia científica según parece entenderse en este caso sería inmensa.,Necesitamos comprobar que todos los datos se hayan guardado correctamente.,Spanish,zero_shot,2026091608,False,1.0,True,24000,1,5.400000,0.64239502,0.09974659,0.00000000,d6626cd162a9b8398774c9e1ee72ae22c03d5c52263747856d2e1510f7999005
cosyvoice_009.wav,1,fake,Fun-CosyVoice3,Fun-CosyVoice3-0.5B,vox_ext_05,C:\Users\gonza\TFG\Deepfake-Detection\_external_fake_build\rvc_sources\spk05_01__vox_ext_05_003.wav,vox_ext_05_003.wav,aquí se trata del modelo de sociedad que queremos tener y que legaremos a nuestras hijas e hijos;,El equipo terminó el proyecto después de varias semanas de trabajo.,Spanish,zero_shot,2026091609,False,1.0,True,24000,1,4.440000,0.75729370,0.09689894,0.00000000,b39553b780f7d2bf5fb41f3bf7609664fe0fbe95b19d9b73b77b1da556218672
cosyvoice_010.wav,1,fake,Fun-CosyVoice3,Fun-CosyVoice3-0.5B,vox_ext_05,C:\Users\gonza\TFG\Deepfake-Detection\_external_fake_build\rvc_sources\spk05_02__vox_ext_05_002.wav,vox_ext_05_002.wav,tenéis el apoyo y la solidaridad del pueblo vasco y pronto recorreremos el mismo.,La aplicación permite consultar la información desde cualquier dispositivo.,Spanish,zero_shot,2026091610,False,1.0,True,24000,1,4.800000,0.82531738,0.10545956,0.00000000,4acee0717d964361f908654d742a311db6a8e4db53536cd502f9ba9f485adac2
cosyvoice_011.wav,1,fake,Fun-CosyVoice3,Fun-CosyVoice3-0.5B,vox_ext_06,C:\Users\gonza\TFG\Deepfake-Detection\_external_fake_build\rvc_sources\spk06_01__vox_ext_06_008.wav,vox_ext_06_008.wav,hemos votado por un futuro en el que el reino unido participe en los asuntos de todos los continentes incluida europa;,Esta mañana encontré las llaves encima de la mesa del salón.,Spanish,zero_shot,2026091611,False,1.0,True,24000,1,3.680000,0.98999023,0.12492795,0.00000000,ad85d702d69fde7bf7e94065d1fdb09810d501da84a1d56130c67386236d22e3
cosyvoice_012.wav,1,fake,Fun-CosyVoice3,Fun-CosyVoice3-0.5B,vox_ext_06,C:\Users\gonza\TFG\Deepfake-Detection\_external_fake_build\rvc_sources\spk06_02__vox_ext_06_003.wav,vox_ext_06_003.wav,los españoles van a ver cómo sus ahorros pierden valor y cómo el importe de sus deudas se disparan.,Los participantes recibieron las instrucciones antes de comenzar la actividad.,Spanish,zero_shot,2026091612,False,1.0,True,24000,1,3.920000,0.38696289,0.04700827,0.00000000,c117b0935cd0b8357a0def7238cb0d598499be6a3d640fa92c0e0930816cd7e7
cosyvoice_013.wav,1,fake,Fun-CosyVoice3,Fun-CosyVoice3-0.5B,vox_ext_07,C:\Users\gonza\TFG\Deepfake-Detection\_external_fake_build\rvc_sources\spk07_01__vox_ext_07_005.wav,vox_ext_07_005.wav,los movimientos populares están en todas partes en túnez en egipto en las plazas en españa durante el movimiento de los indignados y también en asia.,El informe incluye una explicación detallada de todos los resultados.,Spanish,zero_shot,2026091613,False,1.0,True,24000,1,4.960000,0.99002075,0.26040891,0.00000000,b3e32ab6008482c2fb5b35f3115c81bb9d8b440c3c0b32ef7f23f1eb4acb2731
cosyvoice_014.wav,1,fake,Fun-CosyVoice3,Fun-CosyVoice3-0.5B,vox_ext_07,C:\Users\gonza\TFG\Deepfake-Detection\_external_fake_build\rvc_sources\spk07_02__vox_ext_07_004.wav,vox_ext_07_004.wav,acaso no interviene la unión europea cuando sus miembros venden armas a israel?,La próxima semana tendremos una nueva sesión para revisar el progreso.,Spanish,zero_shot,2026091614,False,1.0,True,24000,1,12.800000,0.47271729,0.05744400,0.00000000,5d6b37b5f8b0df9cbf96d933deb788ed3e3b35447b66b45d04c263f21ebb14b3
cosyvoice_015.wav,1,fake,Fun-CosyVoice3,Fun-CosyVoice3-0.5B,vox_ext_08,C:\Users\gonza\TFG\Deepfake-Detection\_external_fake_build\rvc_sources\spk08_01__vox_ext_08_008.wav,vox_ext_08_008.wav,gracias al parlamento europeo por no abandonar al pueblo cubano en este bregar de más de medio siglo hacia la democracia.,El archivo contiene únicamente la información necesaria para realizar la prueba.,Spanish,zero_shot,2026091615,False,1.0,True,24000,1,5.000000,0.51821899,0.05440157,0.00000000,31815f33985d21fc66a84e42e0811ecdf0d4c13d57aae12713176ce8c887c745
cosyvoice_016.wav,1,fake,Fun-CosyVoice3,Fun-CosyVoice3-0.5B,vox_ext_08,C:\Users\gonza\TFG\Deepfake-Detection\_external_fake_build\rvc_sources\spk08_02__vox_ext_08_004.wav,vox_ext_08_004.wav,ellos y sus familiares soportan un destierro psicológico pues sus seres más queridos resultaron extorsionados por el gobierno neoestalinista cubano.,La universidad publicó ayer el calendario definitivo del próximo curso.,Spanish,zero_shot,2026091616,False,1.0,True,24000,1,5.560000,0.52001953,0.05595109,0.00000000,3974ea64472a2c7e6b907925cab600ed32e711dc66d45cf9401143ca43bc36f4
cosyvoice_017.wav,1,fake,Fun-CosyVoice3,Fun-CosyVoice3-0.5B,vox_ext_09,C:\Users\gonza\TFG\Deepfake-Detection\_external_fake_build\rvc_sources\spk09_01__vox_ext_09_001.wav,vox_ext_09_001.wav,con esta propuesta vamos a disponer de más medios más eficaces para luchar contra el fraude y la evasión fiscal en europa.,Después de analizar los datos podremos comparar los diferentes métodos.,Spanish,zero_shot,2026091617,False,1.0,True,24000,1,4.000000,0.34106445,0.05132258,0.00000000,b5ae5441b9c4801a16332020d0cfb7a93750f1a8c2b1a0a326f8dea89e062f8a
cosyvoice_018.wav,1,fake,Fun-CosyVoice3,Fun-CosyVoice3-0.5B,vox_ext_09,C:\Users\gonza\TFG\Deepfake-Detection\_external_fake_build\rvc_sources\spk09_02__vox_ext_09_003.wav,vox_ext_09_003.wav,los estados miembros son parte de un proyecto político y las relaciones entre sus sistemas fiscales deben ser acordes con este proyecto político.,La grabación se realizó en una habitación tranquila y sin ruido de fondo.,Spanish,zero_shot,2026091618,False,1.0,True,24000,1,4.520000,0.25207520,0.03642741,0.00000000,d8e9aa6c2db086638db0ac0bb2b19fc2b06a3075db1d6c06cd205aa229facfdb
cosyvoice_019.wav,1,fake,Fun-CosyVoice3,Fun-CosyVoice3-0.5B,vox_ext_10,C:\Users\gonza\TFG\Deepfake-Detection\_external_fake_build\rvc_sources\spk10_01__vox_ext_10_006.wav,vox_ext_10_006.wav,para las autoridades nigerianas unas guías para que la persecución de unos crímenes no las lleve a cometer otros y a entrar así en una espiral de difícil salida.,Cada muestra debe conservarse sin modificaciones después de la evaluación.,Spanish,zero_shot,2026091619,False,1.0,True,24000,1,4.720000,0.35095215,0.04710542,0.00000000,ca56fbe9a52e24b6116fd644b08adb4becd0366978ad3ae11ebd09e95856da1e
cosyvoice_020.wav,1,fake,Fun-CosyVoice3,Fun-CosyVoice3-0.5B,vox_ext_10,C:\Users\gonza\TFG\Deepfake-Detection\_external_fake_build\rvc_sources\spk10_02__vox_ext_10_001.wav,vox_ext_10_001.wav,por eso insisto espero contar con su apoyo para aprobar la enmienda que pide una investigación internacional de estas cuestiones bajo el auspicio de las naciones unidas.,Los resultados finales se utilizarán para estudiar la capacidad de generalización.,Spanish,zero_shot,2026091620,False,1.0,True,24000,1,5.200000,0.32720947,0.04406966,0.00000000,2d6ee8dc1e5e5faf9a7608947a9db232d77c911a232937c622f2861346022832
