file,label,class,generator,model,model_snapshot,speaker,reference_file,original_reference_file,reference_text,target_text,language,clone_mode,seed,sample_rate,channels,duration_s,peak,rms,clipped_fraction,sha256
qwen_001.wav,1,fake,Qwen3-TTS,Qwen/Qwen3-TTS-12Hz-1.7B-Base,fd4b254389122332181a7c3db7f27e918eec64e3,vox_ext_01,C:\Users\gonza\TFG\Deepfake-Detection\_external_fake_build\rvc_sources\spk01_01__vox_ext_01_002.wav,vox_ext_01_002.wav,si lo conseguimos todos los que estamos aquí empezando por todos los convencionados que nos reunimos en esta noche habremos dado un paso de gigante por el que habrá merecido la pena estar en este parlamento.,La reunión comenzará a las nueve de la mañana en la sala principal.,Spanish,ICL,2026091501,24000,1,3.520000,0.41601562,0.06263874,0.00000000,7fbe57f2da17d816ef437aff08a30d7035ec190bff24584ccf8e39a9db437392
qwen_002.wav,1,fake,Qwen3-TTS,Qwen/Qwen3-TTS-12Hz-1.7B-Base,fd4b254389122332181a7c3db7f27e918eec64e3,vox_ext_01,C:\Users\gonza\TFG\Deepfake-Detection\_external_fake_build\rvc_sources\spk01_02__vox_ext_01_004.wav,vox_ext_01_004.wav,he tratado de trabajar dignamente en nombre de los ciudadanos de mi país y del conjunto de los europeos y ha habido momentos verdaderamente especiales en ese esfuerzo como por ejemplo fue la convención.,El tren llegó a la estación unos minutos antes de lo previsto.,Spanish,ICL,2026091502,24000,1,3.040000,0.42773438,0.05528511,0.00000000,6616c6ce1ffe9f29d120ed345985d70e159fb9230734cfac9e92aff8b3c8c2c6
qwen_003.wav,1,fake,Qwen3-TTS,Qwen/Qwen3-TTS-12Hz-1.7B-Base,fd4b254389122332181a7c3db7f27e918eec64e3,vox_ext_02,C:\Users\gonza\TFG\Deepfake-Detection\_external_fake_build\rvc_sources\spk02_01__vox_ext_02_005.wav,vox_ext_02_005.wav,las negociaciones deben producir un cambio real;,Durante la tarde esperamos cielos despejados y temperaturas suaves.,Spanish,ICL,2026091503,24000,1,4.880000,0.33789062,0.05012345,0.00000000,7810411ad29bd73d25d5def8cb83d2aa598707060bb44d1b0618492002418389
qwen_004.wav,1,fake,Qwen3-TTS,Qwen/Qwen3-TTS-12Hz-1.7B-Base,fd4b254389122332181a7c3db7f27e918eec64e3,vox_ext_02,C:\Users\gonza\TFG\Deepfake-Detection\_external_fake_build\rvc_sources\spk02_02__vox_ext_02_006.wav,vox_ext_02_006.wav,el gobierno de ortega nos ha demostrado una y otra vez su verdadera cara e intenciones.,La biblioteca permanecerá abierta hasta las ocho de la noche.,Spanish,ICL,2026091504,24000,1,4.480000,0.76562500,0.08596989,0.00000000,5403d739e4ee99c79b72443d066c4903ff6a36e5d5242d8a696214e7327ce63c
qwen_005.wav,1,fake,Qwen3-TTS,Qwen/Qwen3-TTS-12Hz-1.7B-Base,fd4b254389122332181a7c3db7f27e918eec64e3,vox_ext_03,C:\Users\gonza\TFG\Deepfake-Detection\_external_fake_build\rvc_sources\spk03_01__vox_ext_03_006.wav,vox_ext_03_006.wav,dicho acuerdo recoge en su protocolo diecinueve la fórmula jurídica inequívoca que deberán utilizar aquellos estados que deseen participar en las disposiciones del mismo.,Mañana revisaremos los resultados obtenidos durante la última prueba.,Spanish,ICL,2026091505,24000,1,4.720000,0.66796875,0.10392825,0.00000000,c201e51524bf0c3b0041d9a862ef0607e60c949da86741d9b422411e61053330
qwen_006.wav,1,fake,Qwen3-TTS,Qwen/Qwen3-TTS-12Hz-1.7B-Base,fd4b254389122332181a7c3db7f27e918eec64e3,vox_ext_03,C:\Users\gonza\TFG\Deepfake-Detection\_external_fake_build\rvc_sources\spk03_02__vox_ext_03_007.wav,vox_ext_03_007.wav,este procedimiento aquí no se ha respetado algo obligatorio al ser eurosur un desarrollo del acervo de schengen.,El sistema procesa cada archivo de manera independiente y ordenada.,Spanish,ICL,2026091506,24000,1,4.560000,0.66796875,0.09954462,0.00000000,779873c408008a287d0130ff8641d69599353e7a4635909ce7268d158c8899c7
qwen_007.wav,1,fake,Qwen3-TTS,Qwen/Qwen3-TTS-12Hz-1.7B-Base,fd4b254389122332181a7c3db7f27e918eec64e3,vox_ext_04,C:\Users\gonza\TFG\Deepfake-Detection\_external_fake_build\rvc_sources\spk04_01__vox_ext_04_003.wav,vox_ext_04_003.wav,por eso hay que dar la bienvenida a que la presidencia estonia haya hecho bandera de los asuntos digitales en este período.,La carretera atraviesa varios pueblos antes de llegar a la ciudad.,Spanish,ICL,2026091507,24000,1,4.480000,0.63671875,0.07755803,0.00000000,0a943fb2640d29e0f4f5a341376e000ba90667cc4b60ffee34535ebd95aa8094
qwen_008.wav,1,fake,Qwen3-TTS,Qwen/Qwen3-TTS-12Hz-1.7B-Base,fd4b254389122332181a7c3db7f27e918eec64e3,vox_ext_04,C:\Users\gonza\TFG\Deepfake-Detection\_external_fake_build\rvc_sources\spk04_02__vox_ext_04_004.wav,vox_ext_04_004.wav,la lista de objetivos políticos que habría que calificar de falta de evidencia científica según parece entenderse en este caso sería inmensa.,Necesitamos comprobar que todos los datos se hayan guardado correctamente.,Spanish,ICL,2026091508,24000,1,4.000000,0.55468750,0.07990324,0.00000000,39ed68aa192dbe0a71f9b1338932e53110723e36274894cbed420b7ed8ea5990
qwen_009.wav,1,fake,Qwen3-TTS,Qwen/Qwen3-TTS-12Hz-1.7B-Base,fd4b254389122332181a7c3db7f27e918eec64e3,vox_ext_05,C:\Users\gonza\TFG\Deepfake-Detection\_external_fake_build\rvc_sources\spk05_01__vox_ext_05_003.wav,vox_ext_05_003.wav,aquí se trata del modelo de sociedad que queremos tener y que legaremos a nuestras hijas e hijos;,El equipo terminó el proyecto después de varias semanas de trabajo.,Spanish,ICL,2026091509,24000,1,3.760000,0.62109375,0.10138026,0.00000000,494763c13443e6ed04ce55da90ad21ee1a8741b2c8cac1dbdf949f24d16eda5d
qwen_010.wav,1,fake,Qwen3-TTS,Qwen/Qwen3-TTS-12Hz-1.7B-Base,fd4b254389122332181a7c3db7f27e918eec64e3,vox_ext_05,C:\Users\gonza\TFG\Deepfake-Detection\_external_fake_build\rvc_sources\spk05_02__vox_ext_05_002.wav,vox_ext_05_002.wav,tenéis el apoyo y la solidaridad del pueblo vasco y pronto recorreremos el mismo.,La aplicación permite consultar la información desde cualquier dispositivo.,Spanish,ICL,2026091510,24000,1,4.160000,0.74609375,0.09491995,0.00000000,e68f388036afbed7968d07be59a0823da884f76ab3d46dbac1f2dc8046083402
qwen_011.wav,1,fake,Qwen3-TTS,Qwen/Qwen3-TTS-12Hz-1.7B-Base,fd4b254389122332181a7c3db7f27e918eec64e3,vox_ext_06,C:\Users\gonza\TFG\Deepfake-Detection\_external_fake_build\rvc_sources\spk06_01__vox_ext_06_008.wav,vox_ext_06_008.wav,hemos votado por un futuro en el que el reino unido participe en los asuntos de todos los continentes incluida europa;,Esta mañana encontré las llaves encima de la mesa del salón.,Spanish,ICL,2026091511,24000,1,3.280000,0.71484375,0.09123535,0.00000000,70c98429f38d729fe230cc8c460e04d7fbb0f8b4ac70e95b225b0eb0625e2452
qwen_012.wav,1,fake,Qwen3-TTS,Qwen/Qwen3-TTS-12Hz-1.7B-Base,fd4b254389122332181a7c3db7f27e918eec64e3,vox_ext_06,C:\Users\gonza\TFG\Deepfake-Detection\_external_fake_build\rvc_sources\spk06_02__vox_ext_06_003.wav,vox_ext_06_003.wav,los españoles van a ver cómo sus ahorros pierden valor y cómo el importe de sus deudas se disparan.,Los participantes recibieron las instrucciones antes de comenzar la actividad.,Spanish,ICL,2026091512,24000,1,4.320000,0.31250000,0.03902581,0.00000000,15af01f89fa6262c0e8d9f896895f62517d3ad61122c4f8a0ef3cdd7467e3d5a
qwen_013.wav,1,fake,Qwen3-TTS,Qwen/Qwen3-TTS-12Hz-1.7B-Base,fd4b254389122332181a7c3db7f27e918eec64e3,vox_ext_07,C:\Users\gonza\TFG\Deepfake-Detection\_external_fake_build\rvc_sources\spk07_01__vox_ext_07_005.wav,vox_ext_07_005.wav,los movimientos populares están en todas partes en túnez en egipto en las plazas en españa durante el movimiento de los indignados y también en asia.,El informe incluye una explicación detallada de todos los resultados.,Spanish,ICL,2026091513,24000,1,4.240000,1.00000000,0.23246516,0.00001965,e08c653c35152496d3eeddc049ab16251420b49cd22031aab0967cfe857fe5c9
qwen_014.wav,1,fake,Qwen3-TTS,Qwen/Qwen3-TTS-12Hz-1.7B-Base,fd4b254389122332181a7c3db7f27e918eec64e3,vox_ext_07,C:\Users\gonza\TFG\Deepfake-Detection\_external_fake_build\rvc_sources\spk07_02__vox_ext_07_004.wav,vox_ext_07_004.wav,acaso no interviene la unión europea cuando sus miembros venden armas a israel?,La próxima semana tendremos una nueva sesión para revisar el progreso.,Spanish,ICL,2026091514,24000,1,10.000000,0.26171875,0.03854739,0.00000000,067bd523555fef7b36340d5d14d96521de086a776b9a0544d4341f443c6cb28e
qwen_015.wav,1,fake,Qwen3-TTS,Qwen/Qwen3-TTS-12Hz-1.7B-Base,fd4b254389122332181a7c3db7f27e918eec64e3,vox_ext_08,C:\Users\gonza\TFG\Deepfake-Detection\_external_fake_build\rvc_sources\spk08_01__vox_ext_08_008.wav,vox_ext_08_008.wav,gracias al parlamento europeo por no abandonar al pueblo cubano en este bregar de más de medio siglo hacia la democracia.,El archivo contiene únicamente la información necesaria para realizar la prueba.,Spanish,ICL,2026091515,24000,1,5.440000,0.36328125,0.02792308,0.00000000,be9b389e38ba948caeb330b0acf8d04c250124e91972e6c7944428c65a45b490
qwen_016.wav,1,fake,Qwen3-TTS,Qwen/Qwen3-TTS-12Hz-1.7B-Base,fd4b254389122332181a7c3db7f27e918eec64e3,vox_ext_08,C:\Users\gonza\TFG\Deepfake-Detection\_external_fake_build\rvc_sources\spk08_02__vox_ext_08_004.wav,vox_ext_08_004.wav,ellos y sus familiares soportan un destierro psicológico pues sus seres más queridos resultaron extorsionados por el gobierno neoestalinista cubano.,La universidad publicó ayer el calendario definitivo del próximo curso.,Spanish,ICL,2026091516,24000,1,5.200000,0.45703125,0.04437932,0.00000000,654eab5e6f42f74e21750a5d2f0fc47765d33c8efbbf6690c3248b4f94688b88
qwen_017.wav,1,fake,Qwen3-TTS,Qwen/Qwen3-TTS-12Hz-1.7B-Base,fd4b254389122332181a7c3db7f27e918eec64e3,vox_ext_09,C:\Users\gonza\TFG\Deepfake-Detection\_external_fake_build\rvc_sources\spk09_01__vox_ext_09_001.wav,vox_ext_09_001.wav,con esta propuesta vamos a disponer de más medios más eficaces para luchar contra el fraude y la evasión fiscal en europa.,Después de analizar los datos podremos comparar los diferentes métodos.,Spanish,ICL,2026091517,24000,1,3.840000,0.36132812,0.04424666,0.00000000,29c21a731f5ad3ceffea086c0b60dabb984778317504b7e03033aee6a59527a1
qwen_018.wav,1,fake,Qwen3-TTS,Qwen/Qwen3-TTS-12Hz-1.7B-Base,fd4b254389122332181a7c3db7f27e918eec64e3,vox_ext_09,C:\Users\gonza\TFG\Deepfake-Detection\_external_fake_build\rvc_sources\spk09_02__vox_ext_09_003.wav,vox_ext_09_003.wav,los estados miembros son parte de un proyecto político y las relaciones entre sus sistemas fiscales deben ser acordes con este proyecto político.,La grabación se realizó en una habitación tranquila y sin ruido de fondo.,Spanish,ICL,2026091518,24000,1,3.840000,0.19824219,0.02568755,0.00000000,ba3f3cd52e1bd873024776c6688d4fbdde06eb1e1987be0ab7ba15917609c46b
qwen_019.wav,1,fake,Qwen3-TTS,Qwen/Qwen3-TTS-12Hz-1.7B-Base,fd4b254389122332181a7c3db7f27e918eec64e3,vox_ext_10,C:\Users\gonza\TFG\Deepfake-Detection\_external_fake_build\rvc_sources\spk10_01__vox_ext_10_006.wav,vox_ext_10_006.wav,para las autoridades nigerianas unas guías para que la persecución de unos crímenes no las lleve a cometer otros y a entrar así en una espiral de difícil salida.,Cada muestra debe conservarse sin modificaciones después de la evaluación.,Spanish,ICL,2026091519,24000,1,4.560000,0.36718750,0.03801741,0.00000000,f29221d4455cad510b6083f4d65a013d0db6e94893f82d2f4ca5ceab2f07e59b
qwen_020.wav,1,fake,Qwen3-TTS,Qwen/Qwen3-TTS-12Hz-1.7B-Base,fd4b254389122332181a7c3db7f27e918eec64e3,vox_ext_10,C:\Users\gonza\TFG\Deepfake-Detection\_external_fake_build\rvc_sources\spk10_02__vox_ext_10_001.wav,vox_ext_10_001.wav,por eso insisto espero contar con su apoyo para aprobar la enmienda que pide una investigación internacional de estas cuestiones bajo el auspicio de las naciones unidas.,Los resultados finales se utilizarán para estudiar la capacidad de generalización.,Spanish,ICL,2026091520,24000,1,4.960042,0.29101562,0.03680400,0.00000000,e058f8c6b5d0770f962f78413cd003944463ec1ac494cedce1c5ddb8f94ab7e8
