id,source_path,output_path,category,generator,source_generator,target,status,error
1,C:\Users\gonza\TFG\Deepfake-Detection\data\tts\confucius4\001_ref1.wav,C:\Users\gonza\TFG\Deepfake-Detection\data\sts\rvc\001_ref1.wav,sts,rvc,confucius4,Mario_40,ok,
2,C:\Users\gonza\TFG\Deepfake-Detection\data\tts\confucius4\002_ref1.wav,C:\Users\gonza\TFG\Deepfake-Detection\data\sts\rvc\002_ref1.wav,sts,rvc,confucius4,Mario_40,ok,
3,C:\Users\gonza\TFG\Deepfake-Detection\data\tts\confucius4\003_ref1.wav,C:\Users\gonza\TFG\Deepfake-Detection\data\sts\rvc\003_ref1.wav,sts,rvc,confucius4,Mario_40,ok,
4,C:\Users\gonza\TFG\Deepfake-Detection\data\tts\confucius4\004_ref1.wav,C:\Users\gonza\TFG\Deepfake-Detection\data\sts\rvc\004_ref1.wav,sts,rvc,confucius4,Mario_40,ok,
5,C:\Users\gonza\TFG\Deepfake-Detection\data\tts\confucius4\005_ref1.wav,C:\Users\gonza\TFG\Deepfake-Detection\data\sts\rvc\005_ref1.wav,sts,rvc,confucius4,Mario_40,ok,
6,C:\Users\gonza\TFG\Deepfake-Detection\data\tts\confucius4\006_ref1.wav,C:\Users\gonza\TFG\Deepfake-Detection\data\sts\rvc\006_ref1.wav,sts,rvc,confucius4,Mario_40,ok,
7,C:\Users\gonza\TFG\Deepfake-Detection\data\tts\confucius4\007_ref1.wav,C:\Users\gonza\TFG\Deepfake-Detection\data\sts\rvc\007_ref1.wav,sts,rvc,confucius4,Mario_40,ok,
8,C:\Users\gonza\TFG\Deepfake-Detection\data\tts\confucius4\008_ref1.wav,C:\Users\gonza\TFG\Deepfake-Detection\data\sts\rvc\008_ref1.wav,sts,rvc,confucius4,Mario_40,ok,
9,C:\Users\gonza\TFG\Deepfake-Detection\data\tts\confucius4\009_ref1.wav,C:\Users\gonza\TFG\Deepfake-Detection\data\sts\rvc\009_ref1.wav,sts,rvc,confucius4,Mario_40,ok,
10,C:\Users\gonza\TFG\Deepfake-Detection\data\tts\confucius4\010_ref1.wav,C:\Users\gonza\TFG\Deepfake-Detection\data\sts\rvc\010_ref1.wav,sts,rvc,confucius4,Mario_40,ok,
11,C:\Users\gonza\TFG\Deepfake-Detection\data\tts\confucius4\011_ref1.wav,C:\Users\gonza\TFG\Deepfake-Detection\data\sts\rvc\011_ref1.wav,sts,rvc,confucius4,Mario_40,ok,
12,C:\Users\gonza\TFG\Deepfake-Detection\data\tts\confucius4\012_ref1.wav,C:\Users\gonza\TFG\Deepfake-Detection\data\sts\rvc\012_ref1.wav,sts,rvc,confucius4,Mario_40,ok,
13,C:\Users\gonza\TFG\Deepfake-Detection\data\tts\confucius4\013_ref1.wav,C:\Users\gonza\TFG\Deepfake-Detection\data\sts\rvc\013_ref1.wav,sts,rvc,confucius4,Mario_40,ok,
14,C:\Users\gonza\TFG\Deepfake-Detection\data\tts\confucius4\014_ref1.wav,C:\Users\gonza\TFG\Deepfake-Detection\data\sts\rvc\014_ref1.wav,sts,rvc,confucius4,Mario_40,ok,
15,C:\Users\gonza\TFG\Deepfake-Detection\data\tts\confucius4\015_ref1.wav,C:\Users\gonza\TFG\Deepfake-Detection\data\sts\rvc\015_ref1.wav,sts,rvc,confucius4,Mario_40,ok,
16,C:\Users\gonza\TFG\Deepfake-Detection\data\tts\confucius4\016_ref1.wav,C:\Users\gonza\TFG\Deepfake-Detection\data\sts\rvc\016_ref1.wav,sts,rvc,confucius4,Mario_40,ok,
17,C:\Users\gonza\TFG\Deepfake-Detection\data\tts\confucius4\017_ref1.wav,C:\Users\gonza\TFG\Deepfake-Detection\data\sts\rvc\017_ref1.wav,sts,rvc,confucius4,Mario_40,ok,
18,C:\Users\gonza\TFG\Deepfake-Detection\data\tts\confucius4\018_ref1.wav,C:\Users\gonza\TFG\Deepfake-Detection\data\sts\rvc\018_ref1.wav,sts,rvc,confucius4,Mario_40,ok,
19,C:\Users\gonza\TFG\Deepfake-Detection\data\tts\confucius4\019_ref1.wav,C:\Users\gonza\TFG\Deepfake-Detection\data\sts\rvc\019_ref1.wav,sts,rvc,confucius4,Mario_40,ok,
20,C:\Users\gonza\TFG\Deepfake-Detection\data\tts\confucius4\020_ref1.wav,C:\Users\gonza\TFG\Deepfake-Detection\data\sts\rvc\020_ref1.wav,sts,rvc,confucius4,Mario_40,ok,
21,C:\Users\gonza\TFG\Deepfake-Detection\data\tts\confucius4\021_ref1.wav,C:\Users\gonza\TFG\Deepfake-Detection\data\sts\rvc\021_ref1.wav,sts,rvc,confucius4,Mario_40,ok,
22,C:\Users\gonza\TFG\Deepfake-Detection\data\tts\confucius4\022_ref1.wav,C:\Users\gonza\TFG\Deepfake-Detection\data\sts\rvc\022_ref1.wav,sts,rvc,confucius4,Mario_40,ok,
23,C:\Users\gonza\TFG\Deepfake-Detection\data\tts\confucius4\023_ref1.wav,C:\Users\gonza\TFG\Deepfake-Detection\data\sts\rvc\023_ref1.wav,sts,rvc,confucius4,Mario_40,ok,
24,C:\Users\gonza\TFG\Deepfake-Detection\data\tts\confucius4\024_ref1.wav,C:\Users\gonza\TFG\Deepfake-Detection\data\sts\rvc\024_ref1.wav,sts,rvc,confucius4,Mario_40,ok,
25,C:\Users\gonza\TFG\Deepfake-Detection\data\tts\confucius4\025_ref1.wav,C:\Users\gonza\TFG\Deepfake-Detection\data\sts\rvc\025_ref1.wav,sts,rvc,confucius4,Mario_40,ok,
26,C:\Users\gonza\TFG\Deepfake-Detection\data\tts\confucius4\026_ref1.wav,C:\Users\gonza\TFG\Deepfake-Detection\data\sts\rvc\026_ref1.wav,sts,rvc,confucius4,Mario_40,ok,
27,C:\Users\gonza\TFG\Deepfake-Detection\data\tts\confucius4\027_ref1.wav,C:\Users\gonza\TFG\Deepfake-Detection\data\sts\rvc\027_ref1.wav,sts,rvc,confucius4,Mario_40,ok,
28,C:\Users\gonza\TFG\Deepfake-Detection\data\tts\confucius4\028_ref1.wav,C:\Users\gonza\TFG\Deepfake-Detection\data\sts\rvc\028_ref1.wav,sts,rvc,confucius4,Mario_40,ok,
29,C:\Users\gonza\TFG\Deepfake-Detection\data\tts\confucius4\029_ref1.wav,C:\Users\gonza\TFG\Deepfake-Detection\data\sts\rvc\029_ref1.wav,sts,rvc,confucius4,Mario_40,ok,
30,C:\Users\gonza\TFG\Deepfake-Detection\data\tts\confucius4\030_ref1.wav,C:\Users\gonza\TFG\Deepfake-Detection\data\sts\rvc\030_ref1.wav,sts,rvc,confucius4,Mario_40,ok,
31,C:\Users\gonza\TFG\Deepfake-Detection\data\tts\confucius4\031_ref1.wav,C:\Users\gonza\TFG\Deepfake-Detection\data\sts\rvc\031_ref1.wav,sts,rvc,confucius4,Mario_40,ok,
32,C:\Users\gonza\TFG\Deepfake-Detection\data\tts\confucius4\032_ref1.wav,C:\Users\gonza\TFG\Deepfake-Detection\data\sts\rvc\032_ref1.wav,sts,rvc,confucius4,Mario_40,ok,
33,C:\Users\gonza\TFG\Deepfake-Detection\data\tts\confucius4\033_ref1.wav,C:\Users\gonza\TFG\Deepfake-Detection\data\sts\rvc\033_ref1.wav,sts,rvc,confucius4,Mario_40,ok,
34,C:\Users\gonza\TFG\Deepfake-Detection\data\tts\confucius4\034_ref1.wav,C:\Users\gonza\TFG\Deepfake-Detection\data\sts\rvc\034_ref1.wav,sts,rvc,confucius4,Mario_40,ok,
35,C:\Users\gonza\TFG\Deepfake-Detection\data\tts\confucius4\035_ref1.wav,C:\Users\gonza\TFG\Deepfake-Detection\data\sts\rvc\035_ref1.wav,sts,rvc,confucius4,Mario_40,ok,
36,C:\Users\gonza\TFG\Deepfake-Detection\data\tts\confucius4\036_ref1.wav,C:\Users\gonza\TFG\Deepfake-Detection\data\sts\rvc\036_ref1.wav,sts,rvc,confucius4,Mario_40,ok,
37,C:\Users\gonza\TFG\Deepfake-Detection\data\tts\confucius4\037_ref1.wav,C:\Users\gonza\TFG\Deepfake-Detection\data\sts\rvc\037_ref1.wav,sts,rvc,confucius4,Mario_40,ok,
38,C:\Users\gonza\TFG\Deepfake-Detection\data\tts\confucius4\038_ref1.wav,C:\Users\gonza\TFG\Deepfake-Detection\data\sts\rvc\038_ref1.wav,sts,rvc,confucius4,Mario_40,ok,
39,C:\Users\gonza\TFG\Deepfake-Detection\data\tts\confucius4\039_ref1.wav,C:\Users\gonza\TFG\Deepfake-Detection\data\sts\rvc\039_ref1.wav,sts,rvc,confucius4,Mario_40,ok,
40,C:\Users\gonza\TFG\Deepfake-Detection\data\tts\confucius4\040_ref1.wav,C:\Users\gonza\TFG\Deepfake-Detection\data\sts\rvc\040_ref1.wav,sts,rvc,confucius4,Mario_40,ok,
41,C:\Users\gonza\TFG\Deepfake-Detection\data\tts\confucius4\041_ref2.wav,C:\Users\gonza\TFG\Deepfake-Detection\data\sts\rvc\041_ref2.wav,sts,rvc,confucius4,Mario_40,ok,
42,C:\Users\gonza\TFG\Deepfake-Detection\data\tts\confucius4\042_ref2.wav,C:\Users\gonza\TFG\Deepfake-Detection\data\sts\rvc\042_ref2.wav,sts,rvc,confucius4,Mario_40,ok,
43,C:\Users\gonza\TFG\Deepfake-Detection\data\tts\confucius4\043_ref2.wav,C:\Users\gonza\TFG\Deepfake-Detection\data\sts\rvc\043_ref2.wav,sts,rvc,confucius4,Mario_40,ok,
44,C:\Users\gonza\TFG\Deepfake-Detection\data\tts\confucius4\044_ref2.wav,C:\Users\gonza\TFG\Deepfake-Detection\data\sts\rvc\044_ref2.wav,sts,rvc,confucius4,Mario_40,ok,
45,C:\Users\gonza\TFG\Deepfake-Detection\data\tts\confucius4\045_ref2.wav,C:\Users\gonza\TFG\Deepfake-Detection\data\sts\rvc\045_ref2.wav,sts,rvc,confucius4,Mario_40,ok,
46,C:\Users\gonza\TFG\Deepfake-Detection\data\tts\confucius4\046_ref2.wav,C:\Users\gonza\TFG\Deepfake-Detection\data\sts\rvc\046_ref2.wav,sts,rvc,confucius4,Mario_40,ok,
47,C:\Users\gonza\TFG\Deepfake-Detection\data\tts\confucius4\047_ref2.wav,C:\Users\gonza\TFG\Deepfake-Detection\data\sts\rvc\047_ref2.wav,sts,rvc,confucius4,Mario_40,ok,
48,C:\Users\gonza\TFG\Deepfake-Detection\data\tts\confucius4\048_ref2.wav,C:\Users\gonza\TFG\Deepfake-Detection\data\sts\rvc\048_ref2.wav,sts,rvc,confucius4,Mario_40,ok,
49,C:\Users\gonza\TFG\Deepfake-Detection\data\tts\confucius4\049_ref2.wav,C:\Users\gonza\TFG\Deepfake-Detection\data\sts\rvc\049_ref2.wav,sts,rvc,confucius4,Mario_40,ok,
50,C:\Users\gonza\TFG\Deepfake-Detection\data\tts\confucius4\050_ref2.wav,C:\Users\gonza\TFG\Deepfake-Detection\data\sts\rvc\050_ref2.wav,sts,rvc,confucius4,Mario_40,ok,
51,C:\Users\gonza\TFG\Deepfake-Detection\data\tts\confucius4\051_ref2.wav,C:\Users\gonza\TFG\Deepfake-Detection\data\sts\rvc\051_ref2.wav,sts,rvc,confucius4,Mario_40,ok,
52,C:\Users\gonza\TFG\Deepfake-Detection\data\tts\confucius4\052_ref2.wav,C:\Users\gonza\TFG\Deepfake-Detection\data\sts\rvc\052_ref2.wav,sts,rvc,confucius4,Mario_40,ok,
53,C:\Users\gonza\TFG\Deepfake-Detection\data\tts\confucius4\053_ref2.wav,C:\Users\gonza\TFG\Deepfake-Detection\data\sts\rvc\053_ref2.wav,sts,rvc,confucius4,Mario_40,ok,
54,C:\Users\gonza\TFG\Deepfake-Detection\data\tts\confucius4\054_ref2.wav,C:\Users\gonza\TFG\Deepfake-Detection\data\sts\rvc\054_ref2.wav,sts,rvc,confucius4,Mario_40,ok,
55,C:\Users\gonza\TFG\Deepfake-Detection\data\tts\confucius4\055_ref2.wav,C:\Users\gonza\TFG\Deepfake-Detection\data\sts\rvc\055_ref2.wav,sts,rvc,confucius4,Mario_40,ok,
56,C:\Users\gonza\TFG\Deepfake-Detection\data\tts\confucius4\056_ref2.wav,C:\Users\gonza\TFG\Deepfake-Detection\data\sts\rvc\056_ref2.wav,sts,rvc,confucius4,Mario_40,ok,
57,C:\Users\gonza\TFG\Deepfake-Detection\data\tts\confucius4\057_ref2.wav,C:\Users\gonza\TFG\Deepfake-Detection\data\sts\rvc\057_ref2.wav,sts,rvc,confucius4,Mario_40,ok,
58,C:\Users\gonza\TFG\Deepfake-Detection\data\tts\confucius4\058_ref2.wav,C:\Users\gonza\TFG\Deepfake-Detection\data\sts\rvc\058_ref2.wav,sts,rvc,confucius4,Mario_40,ok,
59,C:\Users\gonza\TFG\Deepfake-Detection\data\tts\confucius4\059_ref2.wav,C:\Users\gonza\TFG\Deepfake-Detection\data\sts\rvc\059_ref2.wav,sts,rvc,confucius4,Mario_40,ok,
60,C:\Users\gonza\TFG\Deepfake-Detection\data\tts\confucius4\060_ref2.wav,C:\Users\gonza\TFG\Deepfake-Detection\data\sts\rvc\060_ref2.wav,sts,rvc,confucius4,Mario_40,ok,
61,C:\Users\gonza\TFG\Deepfake-Detection\data\tts\confucius4\061_ref2.wav,C:\Users\gonza\TFG\Deepfake-Detection\data\sts\rvc\061_ref2.wav,sts,rvc,confucius4,Mario_40,ok,
62,C:\Users\gonza\TFG\Deepfake-Detection\data\tts\confucius4\062_ref2.wav,C:\Users\gonza\TFG\Deepfake-Detection\data\sts\rvc\062_ref2.wav,sts,rvc,confucius4,Mario_40,ok,
63,C:\Users\gonza\TFG\Deepfake-Detection\data\tts\confucius4\063_ref2.wav,C:\Users\gonza\TFG\Deepfake-Detection\data\sts\rvc\063_ref2.wav,sts,rvc,confucius4,Mario_40,ok,
64,C:\Users\gonza\TFG\Deepfake-Detection\data\tts\confucius4\064_ref2.wav,C:\Users\gonza\TFG\Deepfake-Detection\data\sts\rvc\064_ref2.wav,sts,rvc,confucius4,Mario_40,ok,
65,C:\Users\gonza\TFG\Deepfake-Detection\data\tts\confucius4\065_ref2.wav,C:\Users\gonza\TFG\Deepfake-Detection\data\sts\rvc\065_ref2.wav,sts,rvc,confucius4,Mario_40,ok,
66,C:\Users\gonza\TFG\Deepfake-Detection\data\tts\confucius4\066_ref2.wav,C:\Users\gonza\TFG\Deepfake-Detection\data\sts\rvc\066_ref2.wav,sts,rvc,confucius4,Mario_40,ok,
67,C:\Users\gonza\TFG\Deepfake-Detection\data\tts\confucius4\067_ref2.wav,C:\Users\gonza\TFG\Deepfake-Detection\data\sts\rvc\067_ref2.wav,sts,rvc,confucius4,Mario_40,ok,
68,C:\Users\gonza\TFG\Deepfake-Detection\data\tts\confucius4\068_ref2.wav,C:\Users\gonza\TFG\Deepfake-Detection\data\sts\rvc\068_ref2.wav,sts,rvc,confucius4,Mario_40,ok,
69,C:\Users\gonza\TFG\Deepfake-Detection\data\tts\confucius4\069_ref2.wav,C:\Users\gonza\TFG\Deepfake-Detection\data\sts\rvc\069_ref2.wav,sts,rvc,confucius4,Mario_40,ok,
70,C:\Users\gonza\TFG\Deepfake-Detection\data\tts\confucius4\070_ref2.wav,C:\Users\gonza\TFG\Deepfake-Detection\data\sts\rvc\070_ref2.wav,sts,rvc,confucius4,Mario_40,ok,
71,C:\Users\gonza\TFG\Deepfake-Detection\data\tts\confucius4\071_ref2.wav,C:\Users\gonza\TFG\Deepfake-Detection\data\sts\rvc\071_ref2.wav,sts,rvc,confucius4,Mario_40,ok,
72,C:\Users\gonza\TFG\Deepfake-Detection\data\tts\confucius4\072_ref2.wav,C:\Users\gonza\TFG\Deepfake-Detection\data\sts\rvc\072_ref2.wav,sts,rvc,confucius4,Mario_40,ok,
73,C:\Users\gonza\TFG\Deepfake-Detection\data\tts\confucius4\073_ref2.wav,C:\Users\gonza\TFG\Deepfake-Detection\data\sts\rvc\073_ref2.wav,sts,rvc,confucius4,Mario_40,ok,
74,C:\Users\gonza\TFG\Deepfake-Detection\data\tts\confucius4\074_ref2.wav,C:\Users\gonza\TFG\Deepfake-Detection\data\sts\rvc\074_ref2.wav,sts,rvc,confucius4,Mario_40,ok,
75,C:\Users\gonza\TFG\Deepfake-Detection\data\tts\confucius4\075_ref2.wav,C:\Users\gonza\TFG\Deepfake-Detection\data\sts\rvc\075_ref2.wav,sts,rvc,confucius4,Mario_40,ok,
76,C:\Users\gonza\TFG\Deepfake-Detection\data\tts\confucius4\076_ref2.wav,C:\Users\gonza\TFG\Deepfake-Detection\data\sts\rvc\076_ref2.wav,sts,rvc,confucius4,Mario_40,ok,
77,C:\Users\gonza\TFG\Deepfake-Detection\data\tts\confucius4\077_ref2.wav,C:\Users\gonza\TFG\Deepfake-Detection\data\sts\rvc\077_ref2.wav,sts,rvc,confucius4,Mario_40,ok,
78,C:\Users\gonza\TFG\Deepfake-Detection\data\tts\confucius4\078_ref2.wav,C:\Users\gonza\TFG\Deepfake-Detection\data\sts\rvc\078_ref2.wav,sts,rvc,confucius4,Mario_40,ok,
79,C:\Users\gonza\TFG\Deepfake-Detection\data\tts\confucius4\079_ref2.wav,C:\Users\gonza\TFG\Deepfake-Detection\data\sts\rvc\079_ref2.wav,sts,rvc,confucius4,Mario_40,ok,
80,C:\Users\gonza\TFG\Deepfake-Detection\data\tts\confucius4\080_ref2.wav,C:\Users\gonza\TFG\Deepfake-Detection\data\sts\rvc\080_ref2.wav,sts,rvc,confucius4,Mario_40,ok,
81,C:\Users\gonza\TFG\Deepfake-Detection\data\tts\confucius4\081_ref3.wav,C:\Users\gonza\TFG\Deepfake-Detection\data\sts\rvc\081_ref3.wav,sts,rvc,confucius4,Mario_40,ok,
82,C:\Users\gonza\TFG\Deepfake-Detection\data\tts\confucius4\082_ref3.wav,C:\Users\gonza\TFG\Deepfake-Detection\data\sts\rvc\082_ref3.wav,sts,rvc,confucius4,Mario_40,ok,
83,C:\Users\gonza\TFG\Deepfake-Detection\data\tts\confucius4\083_ref3.wav,C:\Users\gonza\TFG\Deepfake-Detection\data\sts\rvc\083_ref3.wav,sts,rvc,confucius4,Mario_40,ok,
84,C:\Users\gonza\TFG\Deepfake-Detection\data\tts\confucius4\084_ref3.wav,C:\Users\gonza\TFG\Deepfake-Detection\data\sts\rvc\084_ref3.wav,sts,rvc,confucius4,Mario_40,ok,
85,C:\Users\gonza\TFG\Deepfake-Detection\data\tts\confucius4\085_ref3.wav,C:\Users\gonza\TFG\Deepfake-Detection\data\sts\rvc\085_ref3.wav,sts,rvc,confucius4,Mario_40,ok,
86,C:\Users\gonza\TFG\Deepfake-Detection\data\tts\confucius4\086_ref3.wav,C:\Users\gonza\TFG\Deepfake-Detection\data\sts\rvc\086_ref3.wav,sts,rvc,confucius4,Mario_40,ok,
87,C:\Users\gonza\TFG\Deepfake-Detection\data\tts\confucius4\087_ref3.wav,C:\Users\gonza\TFG\Deepfake-Detection\data\sts\rvc\087_ref3.wav,sts,rvc,confucius4,Mario_40,ok,
88,C:\Users\gonza\TFG\Deepfake-Detection\data\tts\confucius4\088_ref3.wav,C:\Users\gonza\TFG\Deepfake-Detection\data\sts\rvc\088_ref3.wav,sts,rvc,confucius4,Mario_40,ok,
89,C:\Users\gonza\TFG\Deepfake-Detection\data\tts\confucius4\089_ref3.wav,C:\Users\gonza\TFG\Deepfake-Detection\data\sts\rvc\089_ref3.wav,sts,rvc,confucius4,Mario_40,ok,
90,C:\Users\gonza\TFG\Deepfake-Detection\data\tts\confucius4\090_ref3.wav,C:\Users\gonza\TFG\Deepfake-Detection\data\sts\rvc\090_ref3.wav,sts,rvc,confucius4,Mario_40,ok,
91,C:\Users\gonza\TFG\Deepfake-Detection\data\tts\confucius4\091_ref3.wav,C:\Users\gonza\TFG\Deepfake-Detection\data\sts\rvc\091_ref3.wav,sts,rvc,confucius4,Mario_40,ok,
92,C:\Users\gonza\TFG\Deepfake-Detection\data\tts\confucius4\092_ref3.wav,C:\Users\gonza\TFG\Deepfake-Detection\data\sts\rvc\092_ref3.wav,sts,rvc,confucius4,Mario_40,ok,
93,C:\Users\gonza\TFG\Deepfake-Detection\data\tts\confucius4\093_ref3.wav,C:\Users\gonza\TFG\Deepfake-Detection\data\sts\rvc\093_ref3.wav,sts,rvc,confucius4,Mario_40,ok,
94,C:\Users\gonza\TFG\Deepfake-Detection\data\tts\confucius4\094_ref3.wav,C:\Users\gonza\TFG\Deepfake-Detection\data\sts\rvc\094_ref3.wav,sts,rvc,confucius4,Mario_40,ok,
95,C:\Users\gonza\TFG\Deepfake-Detection\data\tts\confucius4\095_ref3.wav,C:\Users\gonza\TFG\Deepfake-Detection\data\sts\rvc\095_ref3.wav,sts,rvc,confucius4,Mario_40,ok,
96,C:\Users\gonza\TFG\Deepfake-Detection\data\tts\confucius4\096_ref3.wav,C:\Users\gonza\TFG\Deepfake-Detection\data\sts\rvc\096_ref3.wav,sts,rvc,confucius4,Mario_40,ok,
97,C:\Users\gonza\TFG\Deepfake-Detection\data\tts\confucius4\097_ref3.wav,C:\Users\gonza\TFG\Deepfake-Detection\data\sts\rvc\097_ref3.wav,sts,rvc,confucius4,Mario_40,ok,
98,C:\Users\gonza\TFG\Deepfake-Detection\data\tts\confucius4\098_ref3.wav,C:\Users\gonza\TFG\Deepfake-Detection\data\sts\rvc\098_ref3.wav,sts,rvc,confucius4,Mario_40,ok,
99,C:\Users\gonza\TFG\Deepfake-Detection\data\tts\confucius4\099_ref3.wav,C:\Users\gonza\TFG\Deepfake-Detection\data\sts\rvc\099_ref3.wav,sts,rvc,confucius4,Mario_40,ok,
100,C:\Users\gonza\TFG\Deepfake-Detection\data\tts\confucius4\100_ref3.wav,C:\Users\gonza\TFG\Deepfake-Detection\data\sts\rvc\100_ref3.wav,sts,rvc,confucius4,Mario_40,ok,
101,C:\Users\gonza\TFG\Deepfake-Detection\data\tts\confucius4\101_ref3.wav,C:\Users\gonza\TFG\Deepfake-Detection\data\sts\rvc\101_ref3.wav,sts,rvc,confucius4,Mario_40,ok,
102,C:\Users\gonza\TFG\Deepfake-Detection\data\tts\confucius4\102_ref3.wav,C:\Users\gonza\TFG\Deepfake-Detection\data\sts\rvc\102_ref3.wav,sts,rvc,confucius4,Mario_40,ok,
103,C:\Users\gonza\TFG\Deepfake-Detection\data\tts\confucius4\103_ref3.wav,C:\Users\gonza\TFG\Deepfake-Detection\data\sts\rvc\103_ref3.wav,sts,rvc,confucius4,Mario_40,ok,
104,C:\Users\gonza\TFG\Deepfake-Detection\data\tts\confucius4\104_ref3.wav,C:\Users\gonza\TFG\Deepfake-Detection\data\sts\rvc\104_ref3.wav,sts,rvc,confucius4,Mario_40,ok,
105,C:\Users\gonza\TFG\Deepfake-Detection\data\tts\confucius4\105_ref3.wav,C:\Users\gonza\TFG\Deepfake-Detection\data\sts\rvc\105_ref3.wav,sts,rvc,confucius4,Mario_40,ok,
106,C:\Users\gonza\TFG\Deepfake-Detection\data\tts\confucius4\106_ref3.wav,C:\Users\gonza\TFG\Deepfake-Detection\data\sts\rvc\106_ref3.wav,sts,rvc,confucius4,Mario_40,ok,
107,C:\Users\gonza\TFG\Deepfake-Detection\data\tts\confucius4\107_ref3.wav,C:\Users\gonza\TFG\Deepfake-Detection\data\sts\rvc\107_ref3.wav,sts,rvc,confucius4,Mario_40,ok,
108,C:\Users\gonza\TFG\Deepfake-Detection\data\tts\confucius4\108_ref3.wav,C:\Users\gonza\TFG\Deepfake-Detection\data\sts\rvc\108_ref3.wav,sts,rvc,confucius4,Mario_40,ok,
109,C:\Users\gonza\TFG\Deepfake-Detection\data\tts\confucius4\109_ref3.wav,C:\Users\gonza\TFG\Deepfake-Detection\data\sts\rvc\109_ref3.wav,sts,rvc,confucius4,Mario_40,ok,
110,C:\Users\gonza\TFG\Deepfake-Detection\data\tts\confucius4\110_ref3.wav,C:\Users\gonza\TFG\Deepfake-Detection\data\sts\rvc\110_ref3.wav,sts,rvc,confucius4,Mario_40,ok,
111,C:\Users\gonza\TFG\Deepfake-Detection\data\tts\confucius4\111_ref3.wav,C:\Users\gonza\TFG\Deepfake-Detection\data\sts\rvc\111_ref3.wav,sts,rvc,confucius4,Mario_40,ok,
112,C:\Users\gonza\TFG\Deepfake-Detection\data\tts\confucius4\112_ref3.wav,C:\Users\gonza\TFG\Deepfake-Detection\data\sts\rvc\112_ref3.wav,sts,rvc,confucius4,Mario_40,ok,
113,C:\Users\gonza\TFG\Deepfake-Detection\data\tts\confucius4\113_ref3.wav,C:\Users\gonza\TFG\Deepfake-Detection\data\sts\rvc\113_ref3.wav,sts,rvc,confucius4,Mario_40,ok,
114,C:\Users\gonza\TFG\Deepfake-Detection\data\tts\confucius4\114_ref3.wav,C:\Users\gonza\TFG\Deepfake-Detection\data\sts\rvc\114_ref3.wav,sts,rvc,confucius4,Mario_40,ok,
115,C:\Users\gonza\TFG\Deepfake-Detection\data\tts\confucius4\115_ref3.wav,C:\Users\gonza\TFG\Deepfake-Detection\data\sts\rvc\115_ref3.wav,sts,rvc,confucius4,Mario_40,ok,
116,C:\Users\gonza\TFG\Deepfake-Detection\data\tts\confucius4\116_ref3.wav,C:\Users\gonza\TFG\Deepfake-Detection\data\sts\rvc\116_ref3.wav,sts,rvc,confucius4,Mario_40,ok,
117,C:\Users\gonza\TFG\Deepfake-Detection\data\tts\confucius4\117_ref3.wav,C:\Users\gonza\TFG\Deepfake-Detection\data\sts\rvc\117_ref3.wav,sts,rvc,confucius4,Mario_40,ok,
118,C:\Users\gonza\TFG\Deepfake-Detection\data\tts\confucius4\118_ref3.wav,C:\Users\gonza\TFG\Deepfake-Detection\data\sts\rvc\118_ref3.wav,sts,rvc,confucius4,Mario_40,ok,
119,C:\Users\gonza\TFG\Deepfake-Detection\data\tts\confucius4\119_ref3.wav,C:\Users\gonza\TFG\Deepfake-Detection\data\sts\rvc\119_ref3.wav,sts,rvc,confucius4,Mario_40,ok,
120,C:\Users\gonza\TFG\Deepfake-Detection\data\tts\confucius4\120_ref3.wav,C:\Users\gonza\TFG\Deepfake-Detection\data\sts\rvc\120_ref3.wav,sts,rvc,confucius4,Mario_40,ok,
121,C:\Users\gonza\TFG\Deepfake-Detection\data\tts\confucius4\121_ref4.wav,C:\Users\gonza\TFG\Deepfake-Detection\data\sts\rvc\121_ref4.wav,sts,rvc,confucius4,Mario_40,ok,
122,C:\Users\gonza\TFG\Deepfake-Detection\data\tts\confucius4\122_ref4.wav,C:\Users\gonza\TFG\Deepfake-Detection\data\sts\rvc\122_ref4.wav,sts,rvc,confucius4,Mario_40,ok,
123,C:\Users\gonza\TFG\Deepfake-Detection\data\tts\confucius4\123_ref4.wav,C:\Users\gonza\TFG\Deepfake-Detection\data\sts\rvc\123_ref4.wav,sts,rvc,confucius4,Mario_40,ok,
124,C:\Users\gonza\TFG\Deepfake-Detection\data\tts\confucius4\124_ref4.wav,C:\Users\gonza\TFG\Deepfake-Detection\data\sts\rvc\124_ref4.wav,sts,rvc,confucius4,Mario_40,ok,
125,C:\Users\gonza\TFG\Deepfake-Detection\data\tts\confucius4\125_ref4.wav,C:\Users\gonza\TFG\Deepfake-Detection\data\sts\rvc\125_ref4.wav,sts,rvc,confucius4,Mario_40,ok,
126,C:\Users\gonza\TFG\Deepfake-Detection\data\tts\confucius4\126_ref4.wav,C:\Users\gonza\TFG\Deepfake-Detection\data\sts\rvc\126_ref4.wav,sts,rvc,confucius4,Mario_40,ok,
127,C:\Users\gonza\TFG\Deepfake-Detection\data\tts\confucius4\127_ref4.wav,C:\Users\gonza\TFG\Deepfake-Detection\data\sts\rvc\127_ref4.wav,sts,rvc,confucius4,Mario_40,ok,
128,C:\Users\gonza\TFG\Deepfake-Detection\data\tts\confucius4\128_ref4.wav,C:\Users\gonza\TFG\Deepfake-Detection\data\sts\rvc\128_ref4.wav,sts,rvc,confucius4,Mario_40,ok,
129,C:\Users\gonza\TFG\Deepfake-Detection\data\tts\confucius4\129_ref4.wav,C:\Users\gonza\TFG\Deepfake-Detection\data\sts\rvc\129_ref4.wav,sts,rvc,confucius4,Mario_40,ok,
130,C:\Users\gonza\TFG\Deepfake-Detection\data\tts\confucius4\130_ref4.wav,C:\Users\gonza\TFG\Deepfake-Detection\data\sts\rvc\130_ref4.wav,sts,rvc,confucius4,Mario_40,ok,
131,C:\Users\gonza\TFG\Deepfake-Detection\data\tts\confucius4\131_ref4.wav,C:\Users\gonza\TFG\Deepfake-Detection\data\sts\rvc\131_ref4.wav,sts,rvc,confucius4,Mario_40,ok,
132,C:\Users\gonza\TFG\Deepfake-Detection\data\tts\confucius4\132_ref4.wav,C:\Users\gonza\TFG\Deepfake-Detection\data\sts\rvc\132_ref4.wav,sts,rvc,confucius4,Mario_40,ok,
133,C:\Users\gonza\TFG\Deepfake-Detection\data\tts\confucius4\133_ref4.wav,C:\Users\gonza\TFG\Deepfake-Detection\data\sts\rvc\133_ref4.wav,sts,rvc,confucius4,Mario_40,ok,
134,C:\Users\gonza\TFG\Deepfake-Detection\data\tts\confucius4\134_ref4.wav,C:\Users\gonza\TFG\Deepfake-Detection\data\sts\rvc\134_ref4.wav,sts,rvc,confucius4,Mario_40,ok,
135,C:\Users\gonza\TFG\Deepfake-Detection\data\tts\confucius4\135_ref4.wav,C:\Users\gonza\TFG\Deepfake-Detection\data\sts\rvc\135_ref4.wav,sts,rvc,confucius4,Mario_40,ok,
136,C:\Users\gonza\TFG\Deepfake-Detection\data\tts\confucius4\136_ref4.wav,C:\Users\gonza\TFG\Deepfake-Detection\data\sts\rvc\136_ref4.wav,sts,rvc,confucius4,Mario_40,ok,
137,C:\Users\gonza\TFG\Deepfake-Detection\data\tts\confucius4\137_ref4.wav,C:\Users\gonza\TFG\Deepfake-Detection\data\sts\rvc\137_ref4.wav,sts,rvc,confucius4,Mario_40,ok,
138,C:\Users\gonza\TFG\Deepfake-Detection\data\tts\confucius4\138_ref4.wav,C:\Users\gonza\TFG\Deepfake-Detection\data\sts\rvc\138_ref4.wav,sts,rvc,confucius4,Mario_40,ok,
139,C:\Users\gonza\TFG\Deepfake-Detection\data\tts\confucius4\139_ref4.wav,C:\Users\gonza\TFG\Deepfake-Detection\data\sts\rvc\139_ref4.wav,sts,rvc,confucius4,Mario_40,ok,
140,C:\Users\gonza\TFG\Deepfake-Detection\data\tts\confucius4\140_ref4.wav,C:\Users\gonza\TFG\Deepfake-Detection\data\sts\rvc\140_ref4.wav,sts,rvc,confucius4,Mario_40,ok,
141,C:\Users\gonza\TFG\Deepfake-Detection\data\tts\confucius4\141_ref4.wav,C:\Users\gonza\TFG\Deepfake-Detection\data\sts\rvc\141_ref4.wav,sts,rvc,confucius4,Mario_40,ok,
142,C:\Users\gonza\TFG\Deepfake-Detection\data\tts\confucius4\142_ref4.wav,C:\Users\gonza\TFG\Deepfake-Detection\data\sts\rvc\142_ref4.wav,sts,rvc,confucius4,Mario_40,ok,
143,C:\Users\gonza\TFG\Deepfake-Detection\data\tts\confucius4\143_ref4.wav,C:\Users\gonza\TFG\Deepfake-Detection\data\sts\rvc\143_ref4.wav,sts,rvc,confucius4,Mario_40,ok,
144,C:\Users\gonza\TFG\Deepfake-Detection\data\tts\confucius4\144_ref4.wav,C:\Users\gonza\TFG\Deepfake-Detection\data\sts\rvc\144_ref4.wav,sts,rvc,confucius4,Mario_40,ok,
145,C:\Users\gonza\TFG\Deepfake-Detection\data\tts\confucius4\145_ref4.wav,C:\Users\gonza\TFG\Deepfake-Detection\data\sts\rvc\145_ref4.wav,sts,rvc,confucius4,Mario_40,ok,
146,C:\Users\gonza\TFG\Deepfake-Detection\data\tts\confucius4\146_ref4.wav,C:\Users\gonza\TFG\Deepfake-Detection\data\sts\rvc\146_ref4.wav,sts,rvc,confucius4,Mario_40,ok,
147,C:\Users\gonza\TFG\Deepfake-Detection\data\tts\confucius4\147_ref4.wav,C:\Users\gonza\TFG\Deepfake-Detection\data\sts\rvc\147_ref4.wav,sts,rvc,confucius4,Mario_40,ok,
148,C:\Users\gonza\TFG\Deepfake-Detection\data\tts\confucius4\148_ref4.wav,C:\Users\gonza\TFG\Deepfake-Detection\data\sts\rvc\148_ref4.wav,sts,rvc,confucius4,Mario_40,ok,
149,C:\Users\gonza\TFG\Deepfake-Detection\data\tts\confucius4\149_ref4.wav,C:\Users\gonza\TFG\Deepfake-Detection\data\sts\rvc\149_ref4.wav,sts,rvc,confucius4,Mario_40,ok,
150,C:\Users\gonza\TFG\Deepfake-Detection\data\tts\confucius4\150_ref4.wav,C:\Users\gonza\TFG\Deepfake-Detection\data\sts\rvc\150_ref4.wav,sts,rvc,confucius4,Mario_40,ok,
151,C:\Users\gonza\TFG\Deepfake-Detection\data\tts\confucius4\151_ref4.wav,C:\Users\gonza\TFG\Deepfake-Detection\data\sts\rvc\151_ref4.wav,sts,rvc,confucius4,Mario_40,ok,
152,C:\Users\gonza\TFG\Deepfake-Detection\data\tts\confucius4\152_ref4.wav,C:\Users\gonza\TFG\Deepfake-Detection\data\sts\rvc\152_ref4.wav,sts,rvc,confucius4,Mario_40,ok,
153,C:\Users\gonza\TFG\Deepfake-Detection\data\tts\confucius4\153_ref4.wav,C:\Users\gonza\TFG\Deepfake-Detection\data\sts\rvc\153_ref4.wav,sts,rvc,confucius4,Mario_40,ok,
154,C:\Users\gonza\TFG\Deepfake-Detection\data\tts\confucius4\154_ref4.wav,C:\Users\gonza\TFG\Deepfake-Detection\data\sts\rvc\154_ref4.wav,sts,rvc,confucius4,Mario_40,ok,
155,C:\Users\gonza\TFG\Deepfake-Detection\data\tts\confucius4\155_ref4.wav,C:\Users\gonza\TFG\Deepfake-Detection\data\sts\rvc\155_ref4.wav,sts,rvc,confucius4,Mario_40,ok,
156,C:\Users\gonza\TFG\Deepfake-Detection\data\tts\confucius4\156_ref4.wav,C:\Users\gonza\TFG\Deepfake-Detection\data\sts\rvc\156_ref4.wav,sts,rvc,confucius4,Mario_40,ok,
157,C:\Users\gonza\TFG\Deepfake-Detection\data\tts\confucius4\157_ref4.wav,C:\Users\gonza\TFG\Deepfake-Detection\data\sts\rvc\157_ref4.wav,sts,rvc,confucius4,Mario_40,ok,
158,C:\Users\gonza\TFG\Deepfake-Detection\data\tts\confucius4\158_ref4.wav,C:\Users\gonza\TFG\Deepfake-Detection\data\sts\rvc\158_ref4.wav,sts,rvc,confucius4,Mario_40,ok,
159,C:\Users\gonza\TFG\Deepfake-Detection\data\tts\confucius4\159_ref4.wav,C:\Users\gonza\TFG\Deepfake-Detection\data\sts\rvc\159_ref4.wav,sts,rvc,confucius4,Mario_40,ok,
160,C:\Users\gonza\TFG\Deepfake-Detection\data\tts\confucius4\160_ref4.wav,C:\Users\gonza\TFG\Deepfake-Detection\data\sts\rvc\160_ref4.wav,sts,rvc,confucius4,Mario_40,ok,
161,C:\Users\gonza\TFG\Deepfake-Detection\data\tts\confucius4\161_ref5.wav,C:\Users\gonza\TFG\Deepfake-Detection\data\sts\rvc\161_ref5.wav,sts,rvc,confucius4,Mario_40,ok,
162,C:\Users\gonza\TFG\Deepfake-Detection\data\tts\confucius4\162_ref5.wav,C:\Users\gonza\TFG\Deepfake-Detection\data\sts\rvc\162_ref5.wav,sts,rvc,confucius4,Mario_40,ok,
163,C:\Users\gonza\TFG\Deepfake-Detection\data\tts\confucius4\163_ref5.wav,C:\Users\gonza\TFG\Deepfake-Detection\data\sts\rvc\163_ref5.wav,sts,rvc,confucius4,Mario_40,ok,
164,C:\Users\gonza\TFG\Deepfake-Detection\data\tts\confucius4\164_ref5.wav,C:\Users\gonza\TFG\Deepfake-Detection\data\sts\rvc\164_ref5.wav,sts,rvc,confucius4,Mario_40,ok,
165,C:\Users\gonza\TFG\Deepfake-Detection\data\tts\confucius4\165_ref5.wav,C:\Users\gonza\TFG\Deepfake-Detection\data\sts\rvc\165_ref5.wav,sts,rvc,confucius4,Mario_40,ok,
166,C:\Users\gonza\TFG\Deepfake-Detection\data\tts\confucius4\166_ref5.wav,C:\Users\gonza\TFG\Deepfake-Detection\data\sts\rvc\166_ref5.wav,sts,rvc,confucius4,Mario_40,ok,
167,C:\Users\gonza\TFG\Deepfake-Detection\data\tts\confucius4\167_ref5.wav,C:\Users\gonza\TFG\Deepfake-Detection\data\sts\rvc\167_ref5.wav,sts,rvc,confucius4,Mario_40,ok,
168,C:\Users\gonza\TFG\Deepfake-Detection\data\tts\confucius4\168_ref5.wav,C:\Users\gonza\TFG\Deepfake-Detection\data\sts\rvc\168_ref5.wav,sts,rvc,confucius4,Mario_40,ok,
169,C:\Users\gonza\TFG\Deepfake-Detection\data\tts\confucius4\169_ref5.wav,C:\Users\gonza\TFG\Deepfake-Detection\data\sts\rvc\169_ref5.wav,sts,rvc,confucius4,Mario_40,ok,
170,C:\Users\gonza\TFG\Deepfake-Detection\data\tts\confucius4\170_ref5.wav,C:\Users\gonza\TFG\Deepfake-Detection\data\sts\rvc\170_ref5.wav,sts,rvc,confucius4,Mario_40,ok,
171,C:\Users\gonza\TFG\Deepfake-Detection\data\tts\confucius4\171_ref5.wav,C:\Users\gonza\TFG\Deepfake-Detection\data\sts\rvc\171_ref5.wav,sts,rvc,confucius4,Mario_40,ok,
172,C:\Users\gonza\TFG\Deepfake-Detection\data\tts\confucius4\172_ref5.wav,C:\Users\gonza\TFG\Deepfake-Detection\data\sts\rvc\172_ref5.wav,sts,rvc,confucius4,Mario_40,ok,
173,C:\Users\gonza\TFG\Deepfake-Detection\data\tts\confucius4\173_ref5.wav,C:\Users\gonza\TFG\Deepfake-Detection\data\sts\rvc\173_ref5.wav,sts,rvc,confucius4,Mario_40,ok,
174,C:\Users\gonza\TFG\Deepfake-Detection\data\tts\confucius4\174_ref5.wav,C:\Users\gonza\TFG\Deepfake-Detection\data\sts\rvc\174_ref5.wav,sts,rvc,confucius4,Mario_40,ok,
175,C:\Users\gonza\TFG\Deepfake-Detection\data\tts\confucius4\175_ref5.wav,C:\Users\gonza\TFG\Deepfake-Detection\data\sts\rvc\175_ref5.wav,sts,rvc,confucius4,Mario_40,ok,
176,C:\Users\gonza\TFG\Deepfake-Detection\data\tts\confucius4\176_ref5.wav,C:\Users\gonza\TFG\Deepfake-Detection\data\sts\rvc\176_ref5.wav,sts,rvc,confucius4,Mario_40,ok,
177,C:\Users\gonza\TFG\Deepfake-Detection\data\tts\confucius4\177_ref5.wav,C:\Users\gonza\TFG\Deepfake-Detection\data\sts\rvc\177_ref5.wav,sts,rvc,confucius4,Mario_40,ok,
178,C:\Users\gonza\TFG\Deepfake-Detection\data\tts\confucius4\178_ref5.wav,C:\Users\gonza\TFG\Deepfake-Detection\data\sts\rvc\178_ref5.wav,sts,rvc,confucius4,Mario_40,ok,
179,C:\Users\gonza\TFG\Deepfake-Detection\data\tts\confucius4\179_ref5.wav,C:\Users\gonza\TFG\Deepfake-Detection\data\sts\rvc\179_ref5.wav,sts,rvc,confucius4,Mario_40,ok,
180,C:\Users\gonza\TFG\Deepfake-Detection\data\tts\confucius4\180_ref5.wav,C:\Users\gonza\TFG\Deepfake-Detection\data\sts\rvc\180_ref5.wav,sts,rvc,confucius4,Mario_40,ok,
181,C:\Users\gonza\TFG\Deepfake-Detection\data\tts\confucius4\181_ref5.wav,C:\Users\gonza\TFG\Deepfake-Detection\data\sts\rvc\181_ref5.wav,sts,rvc,confucius4,Mario_40,ok,
182,C:\Users\gonza\TFG\Deepfake-Detection\data\tts\confucius4\182_ref5.wav,C:\Users\gonza\TFG\Deepfake-Detection\data\sts\rvc\182_ref5.wav,sts,rvc,confucius4,Mario_40,ok,
183,C:\Users\gonza\TFG\Deepfake-Detection\data\tts\confucius4\183_ref5.wav,C:\Users\gonza\TFG\Deepfake-Detection\data\sts\rvc\183_ref5.wav,sts,rvc,confucius4,Mario_40,ok,
184,C:\Users\gonza\TFG\Deepfake-Detection\data\tts\confucius4\184_ref5.wav,C:\Users\gonza\TFG\Deepfake-Detection\data\sts\rvc\184_ref5.wav,sts,rvc,confucius4,Mario_40,ok,
185,C:\Users\gonza\TFG\Deepfake-Detection\data\tts\confucius4\185_ref5.wav,C:\Users\gonza\TFG\Deepfake-Detection\data\sts\rvc\185_ref5.wav,sts,rvc,confucius4,Mario_40,ok,
186,C:\Users\gonza\TFG\Deepfake-Detection\data\tts\confucius4\186_ref5.wav,C:\Users\gonza\TFG\Deepfake-Detection\data\sts\rvc\186_ref5.wav,sts,rvc,confucius4,Mario_40,ok,
187,C:\Users\gonza\TFG\Deepfake-Detection\data\tts\confucius4\187_ref5.wav,C:\Users\gonza\TFG\Deepfake-Detection\data\sts\rvc\187_ref5.wav,sts,rvc,confucius4,Mario_40,ok,
188,C:\Users\gonza\TFG\Deepfake-Detection\data\tts\confucius4\188_ref5.wav,C:\Users\gonza\TFG\Deepfake-Detection\data\sts\rvc\188_ref5.wav,sts,rvc,confucius4,Mario_40,ok,
189,C:\Users\gonza\TFG\Deepfake-Detection\data\tts\confucius4\189_ref5.wav,C:\Users\gonza\TFG\Deepfake-Detection\data\sts\rvc\189_ref5.wav,sts,rvc,confucius4,Mario_40,ok,
190,C:\Users\gonza\TFG\Deepfake-Detection\data\tts\confucius4\190_ref5.wav,C:\Users\gonza\TFG\Deepfake-Detection\data\sts\rvc\190_ref5.wav,sts,rvc,confucius4,Mario_40,ok,
191,C:\Users\gonza\TFG\Deepfake-Detection\data\tts\confucius4\191_ref5.wav,C:\Users\gonza\TFG\Deepfake-Detection\data\sts\rvc\191_ref5.wav,sts,rvc,confucius4,Mario_40,ok,
192,C:\Users\gonza\TFG\Deepfake-Detection\data\tts\confucius4\192_ref5.wav,C:\Users\gonza\TFG\Deepfake-Detection\data\sts\rvc\192_ref5.wav,sts,rvc,confucius4,Mario_40,ok,
193,C:\Users\gonza\TFG\Deepfake-Detection\data\tts\confucius4\193_ref5.wav,C:\Users\gonza\TFG\Deepfake-Detection\data\sts\rvc\193_ref5.wav,sts,rvc,confucius4,Mario_40,ok,
194,C:\Users\gonza\TFG\Deepfake-Detection\data\tts\confucius4\194_ref5.wav,C:\Users\gonza\TFG\Deepfake-Detection\data\sts\rvc\194_ref5.wav,sts,rvc,confucius4,Mario_40,ok,
195,C:\Users\gonza\TFG\Deepfake-Detection\data\tts\confucius4\195_ref5.wav,C:\Users\gonza\TFG\Deepfake-Detection\data\sts\rvc\195_ref5.wav,sts,rvc,confucius4,Mario_40,ok,
196,C:\Users\gonza\TFG\Deepfake-Detection\data\tts\confucius4\196_ref5.wav,C:\Users\gonza\TFG\Deepfake-Detection\data\sts\rvc\196_ref5.wav,sts,rvc,confucius4,Mario_40,ok,
197,C:\Users\gonza\TFG\Deepfake-Detection\data\tts\confucius4\197_ref5.wav,C:\Users\gonza\TFG\Deepfake-Detection\data\sts\rvc\197_ref5.wav,sts,rvc,confucius4,Mario_40,ok,
198,C:\Users\gonza\TFG\Deepfake-Detection\data\tts\confucius4\198_ref5.wav,C:\Users\gonza\TFG\Deepfake-Detection\data\sts\rvc\198_ref5.wav,sts,rvc,confucius4,Mario_40,ok,
199,C:\Users\gonza\TFG\Deepfake-Detection\data\tts\confucius4\199_ref5.wav,C:\Users\gonza\TFG\Deepfake-Detection\data\sts\rvc\199_ref5.wav,sts,rvc,confucius4,Mario_40,ok,
200,C:\Users\gonza\TFG\Deepfake-Detection\data\tts\confucius4\200_ref5.wav,C:\Users\gonza\TFG\Deepfake-Detection\data\sts\rvc\200_ref5.wav,sts,rvc,confucius4,Mario_40,ok,
