id,source_relative_path,source_sha256,normalized_path,normalized_sha256,target_sample_rate,target_channels,target_subtype
1,external_final_voxpopuli/real/vox_ext_01/vox_ext_01_001.wav,9bddd57816f2864fb0cc7bea3d62391799d697de4261949101a8adea311186da,C:\Users\gonza\TFG\Deepfake-Detection\external_results\wavlm_final\preprocessed_16k\001_9bddd57816f2_vox_ext_01_001.wav,9bddd57816f2864fb0cc7bea3d62391799d697de4261949101a8adea311186da,16000,1,PCM_16
2,external_final_voxpopuli/real/vox_ext_01/vox_ext_01_002.wav,4b6f36fb5e7663ea39b0f689c55b303c179c05300c6093c05ea3cf127c08b8d0,C:\Users\gonza\TFG\Deepfake-Detection\external_results\wavlm_final\preprocessed_16k\002_4b6f36fb5e76_vox_ext_01_002.wav,4b6f36fb5e7663ea39b0f689c55b303c179c05300c6093c05ea3cf127c08b8d0,16000,1,PCM_16
3,external_final_voxpopuli/real/vox_ext_01/vox_ext_01_003.wav,755bec094a8f89d307b210fb2f59883b3e701b9c78af90b026d31baf500d3182,C:\Users\gonza\TFG\Deepfake-Detection\external_results\wavlm_final\preprocessed_16k\003_755bec094a8f_vox_ext_01_003.wav,755bec094a8f89d307b210fb2f59883b3e701b9c78af90b026d31baf500d3182,16000,1,PCM_16
4,external_final_voxpopuli/real/vox_ext_01/vox_ext_01_004.wav,dfed4832cbb2f5ee01cebaf3af26afa4ad5b0d6b4563762f0b51175131d55aea,C:\Users\gonza\TFG\Deepfake-Detection\external_results\wavlm_final\preprocessed_16k\004_dfed4832cbb2_vox_ext_01_004.wav,dfed4832cbb2f5ee01cebaf3af26afa4ad5b0d6b4563762f0b51175131d55aea,16000,1,PCM_16
5,external_final_voxpopuli/real/vox_ext_01/vox_ext_01_005.wav,8f2b6231e2bb4bb32374858f42a83e3296cbdb544729192adbb4626eae7bebf6,C:\Users\gonza\TFG\Deepfake-Detection\external_results\wavlm_final\preprocessed_16k\005_8f2b6231e2bb_vox_ext_01_005.wav,8f2b6231e2bb4bb32374858f42a83e3296cbdb544729192adbb4626eae7bebf6,16000,1,PCM_16
6,external_final_voxpopuli/real/vox_ext_01/vox_ext_01_006.wav,4a61abca169d90e82c491086af5823060aac6bfc92638144ab5db61ea0317f27,C:\Users\gonza\TFG\Deepfake-Detection\external_results\wavlm_final\preprocessed_16k\006_4a61abca169d_vox_ext_01_006.wav,4a61abca169d90e82c491086af5823060aac6bfc92638144ab5db61ea0317f27,16000,1,PCM_16
7,external_final_voxpopuli/real/vox_ext_01/vox_ext_01_007.wav,61fceaf490f7c5861f7ca6492a6d632b816cf7b3962fbf90175e89a1f6f0aadf,C:\Users\gonza\TFG\Deepfake-Detection\external_results\wavlm_final\preprocessed_16k\007_61fceaf490f7_vox_ext_01_007.wav,61fceaf490f7c5861f7ca6492a6d632b816cf7b3962fbf90175e89a1f6f0aadf,16000,1,PCM_16
8,external_final_voxpopuli/real/vox_ext_01/vox_ext_01_008.wav,247687a2dd4e36bb16e1094c60b8f92e672e81570ad3bdca698c6f906ec4086c,C:\Users\gonza\TFG\Deepfake-Detection\external_results\wavlm_final\preprocessed_16k\008_247687a2dd4e_vox_ext_01_008.wav,247687a2dd4e36bb16e1094c60b8f92e672e81570ad3bdca698c6f906ec4086c,16000,1,PCM_16
9,external_final_voxpopuli/real/vox_ext_01/vox_ext_01_009.wav,95d9e6b00702248b4c2f3c7c178a9780c2fc6cae01d73e8bb0db3024d2caaf17,C:\Users\gonza\TFG\Deepfake-Detection\external_results\wavlm_final\preprocessed_16k\009_95d9e6b00702_vox_ext_01_009.wav,95d9e6b00702248b4c2f3c7c178a9780c2fc6cae01d73e8bb0db3024d2caaf17,16000,1,PCM_16
10,external_final_voxpopuli/real/vox_ext_01/vox_ext_01_010.wav,e0a382669831ee91a4cd20434872c6ae0842bef7ca4baeb96f1133e572865d75,C:\Users\gonza\TFG\Deepfake-Detection\external_results\wavlm_final\preprocessed_16k\010_e0a382669831_vox_ext_01_010.wav,e0a382669831ee91a4cd20434872c6ae0842bef7ca4baeb96f1133e572865d75,16000,1,PCM_16
11,external_final_voxpopuli/real/vox_ext_02/vox_ext_02_001.wav,cc13f90a90df5a1ee1f8751b75f20dae900a7399126abfccef94fe9ca98fb0a5,C:\Users\gonza\TFG\Deepfake-Detection\external_results\wavlm_final\preprocessed_16k\011_cc13f90a90df_vox_ext_02_001.wav,cc13f90a90df5a1ee1f8751b75f20dae900a7399126abfccef94fe9ca98fb0a5,16000,1,PCM_16
12,external_final_voxpopuli/real/vox_ext_02/vox_ext_02_002.wav,8f3a0be38d46a71a31eb45bda1266159dcd22437bbda49df0aa1aac53a7a581c,C:\Users\gonza\TFG\Deepfake-Detection\external_results\wavlm_final\preprocessed_16k\012_8f3a0be38d46_vox_ext_02_002.wav,8f3a0be38d46a71a31eb45bda1266159dcd22437bbda49df0aa1aac53a7a581c,16000,1,PCM_16
13,external_final_voxpopuli/real/vox_ext_02/vox_ext_02_003.wav,f74f857d607bf8cb4ce62d122231a28dcbdbda10ddbb05a79841ce868b9b5c59,C:\Users\gonza\TFG\Deepfake-Detection\external_results\wavlm_final\preprocessed_16k\013_f74f857d607b_vox_ext_02_003.wav,f74f857d607bf8cb4ce62d122231a28dcbdbda10ddbb05a79841ce868b9b5c59,16000,1,PCM_16
14,external_final_voxpopuli/real/vox_ext_02/vox_ext_02_004.wav,f8dca94d4d3238734b313f1f5c979c69953244ffa64aacef5ad0d32600749c12,C:\Users\gonza\TFG\Deepfake-Detection\external_results\wavlm_final\preprocessed_16k\014_f8dca94d4d32_vox_ext_02_004.wav,f8dca94d4d3238734b313f1f5c979c69953244ffa64aacef5ad0d32600749c12,16000,1,PCM_16
15,external_final_voxpopuli/real/vox_ext_02/vox_ext_02_005.wav,482741f42f450601772d2f817ea8051ddbf50ba1ad949b8cb430ee5b650105f2,C:\Users\gonza\TFG\Deepfake-Detection\external_results\wavlm_final\preprocessed_16k\015_482741f42f45_vox_ext_02_005.wav,482741f42f450601772d2f817ea8051ddbf50ba1ad949b8cb430ee5b650105f2,16000,1,PCM_16
16,external_final_voxpopuli/real/vox_ext_02/vox_ext_02_006.wav,be31f4e6d081353db14485bb95676b3593e3669e13592d1f5b37f4904e7c8fcf,C:\Users\gonza\TFG\Deepfake-Detection\external_results\wavlm_final\preprocessed_16k\016_be31f4e6d081_vox_ext_02_006.wav,be31f4e6d081353db14485bb95676b3593e3669e13592d1f5b37f4904e7c8fcf,16000,1,PCM_16
17,external_final_voxpopuli/real/vox_ext_02/vox_ext_02_007.wav,2126a656008c4974a6ccf683450efa0517109d61f975adb61eefd0c91d45beed,C:\Users\gonza\TFG\Deepfake-Detection\external_results\wavlm_final\preprocessed_16k\017_2126a656008c_vox_ext_02_007.wav,2126a656008c4974a6ccf683450efa0517109d61f975adb61eefd0c91d45beed,16000,1,PCM_16
18,external_final_voxpopuli/real/vox_ext_02/vox_ext_02_008.wav,9af969bb48d2e8bc5acf13c1120d35d30fcfe67a904cfcd8c9489c32c2738227,C:\Users\gonza\TFG\Deepfake-Detection\external_results\wavlm_final\preprocessed_16k\018_9af969bb48d2_vox_ext_02_008.wav,9af969bb48d2e8bc5acf13c1120d35d30fcfe67a904cfcd8c9489c32c2738227,16000,1,PCM_16
19,external_final_voxpopuli/real/vox_ext_02/vox_ext_02_009.wav,aed27e5c86dd40ca8db5435731850be9c90472d11c2ed7861d297fca59b184a1,C:\Users\gonza\TFG\Deepfake-Detection\external_results\wavlm_final\preprocessed_16k\019_aed27e5c86dd_vox_ext_02_009.wav,aed27e5c86dd40ca8db5435731850be9c90472d11c2ed7861d297fca59b184a1,16000,1,PCM_16
20,external_final_voxpopuli/real/vox_ext_02/vox_ext_02_010.wav,3b29bdafbbd29ea4fe34c055291cba41803cb91d1e6e92c4798288d35be362b1,C:\Users\gonza\TFG\Deepfake-Detection\external_results\wavlm_final\preprocessed_16k\020_3b29bdafbbd2_vox_ext_02_010.wav,3b29bdafbbd29ea4fe34c055291cba41803cb91d1e6e92c4798288d35be362b1,16000,1,PCM_16
21,external_final_voxpopuli/real/vox_ext_03/vox_ext_03_001.wav,17378158128daea8cdcbb6f7070ca858347c8c6a882b4edd52bf0f2fcf02e716,C:\Users\gonza\TFG\Deepfake-Detection\external_results\wavlm_final\preprocessed_16k\021_17378158128d_vox_ext_03_001.wav,17378158128daea8cdcbb6f7070ca858347c8c6a882b4edd52bf0f2fcf02e716,16000,1,PCM_16
22,external_final_voxpopuli/real/vox_ext_03/vox_ext_03_002.wav,de3162f0841b7d34fe3c46041706bad8219d3e50e63d2f9206eaafb51fa66ea1,C:\Users\gonza\TFG\Deepfake-Detection\external_results\wavlm_final\preprocessed_16k\022_de3162f0841b_vox_ext_03_002.wav,de3162f0841b7d34fe3c46041706bad8219d3e50e63d2f9206eaafb51fa66ea1,16000,1,PCM_16
23,external_final_voxpopuli/real/vox_ext_03/vox_ext_03_003.wav,2613451b04277c3feaea2f3bbab074040f135e3ba94c3f30118985fd592932fc,C:\Users\gonza\TFG\Deepfake-Detection\external_results\wavlm_final\preprocessed_16k\023_2613451b0427_vox_ext_03_003.wav,2613451b04277c3feaea2f3bbab074040f135e3ba94c3f30118985fd592932fc,16000,1,PCM_16
24,external_final_voxpopuli/real/vox_ext_03/vox_ext_03_004.wav,39d7124adbe9aa09b081aa453d4c4b35f0373d362b3e90e11877bc37e42d024b,C:\Users\gonza\TFG\Deepfake-Detection\external_results\wavlm_final\preprocessed_16k\024_39d7124adbe9_vox_ext_03_004.wav,39d7124adbe9aa09b081aa453d4c4b35f0373d362b3e90e11877bc37e42d024b,16000,1,PCM_16
25,external_final_voxpopuli/real/vox_ext_03/vox_ext_03_005.wav,a4e9b80e1c96348c3c4b505614008b39ee8c8086141a16d93454b82522ded4f2,C:\Users\gonza\TFG\Deepfake-Detection\external_results\wavlm_final\preprocessed_16k\025_a4e9b80e1c96_vox_ext_03_005.wav,a4e9b80e1c96348c3c4b505614008b39ee8c8086141a16d93454b82522ded4f2,16000,1,PCM_16
26,external_final_voxpopuli/real/vox_ext_03/vox_ext_03_006.wav,b896550f825f7061387fcdeb37e9573218c5dd916b570e4f0e4e3a95c326f67a,C:\Users\gonza\TFG\Deepfake-Detection\external_results\wavlm_final\preprocessed_16k\026_b896550f825f_vox_ext_03_006.wav,b896550f825f7061387fcdeb37e9573218c5dd916b570e4f0e4e3a95c326f67a,16000,1,PCM_16
27,external_final_voxpopuli/real/vox_ext_03/vox_ext_03_007.wav,23a4034d31e2a47066a171a2b98f66124c4edc12b8a71813d3b11fa1f092c9eb,C:\Users\gonza\TFG\Deepfake-Detection\external_results\wavlm_final\preprocessed_16k\027_23a4034d31e2_vox_ext_03_007.wav,23a4034d31e2a47066a171a2b98f66124c4edc12b8a71813d3b11fa1f092c9eb,16000,1,PCM_16
28,external_final_voxpopuli/real/vox_ext_03/vox_ext_03_008.wav,6bebea3d128a8714f46d89ea798c7e8f66a207a32f949ce5ad58ef11964911d6,C:\Users\gonza\TFG\Deepfake-Detection\external_results\wavlm_final\preprocessed_16k\028_6bebea3d128a_vox_ext_03_008.wav,6bebea3d128a8714f46d89ea798c7e8f66a207a32f949ce5ad58ef11964911d6,16000,1,PCM_16
29,external_final_voxpopuli/real/vox_ext_03/vox_ext_03_009.wav,efabb8cbcee4a7d455cc906f36a164835e7ebe1bdfc64c5c0c19a039afd36d73,C:\Users\gonza\TFG\Deepfake-Detection\external_results\wavlm_final\preprocessed_16k\029_efabb8cbcee4_vox_ext_03_009.wav,efabb8cbcee4a7d455cc906f36a164835e7ebe1bdfc64c5c0c19a039afd36d73,16000,1,PCM_16
30,external_final_voxpopuli/real/vox_ext_03/vox_ext_03_010.wav,b1d477d0c42ec6f49942f8a6ea681751c5270f515e5b754167dbdedc6585004b,C:\Users\gonza\TFG\Deepfake-Detection\external_results\wavlm_final\preprocessed_16k\030_b1d477d0c42e_vox_ext_03_010.wav,b1d477d0c42ec6f49942f8a6ea681751c5270f515e5b754167dbdedc6585004b,16000,1,PCM_16
31,external_final_voxpopuli/real/vox_ext_04/vox_ext_04_001.wav,7e45bfcf8e111dad28afe6e89704b1655cbc8dd83d4ce07b47edace99b534e2c,C:\Users\gonza\TFG\Deepfake-Detection\external_results\wavlm_final\preprocessed_16k\031_7e45bfcf8e11_vox_ext_04_001.wav,7e45bfcf8e111dad28afe6e89704b1655cbc8dd83d4ce07b47edace99b534e2c,16000,1,PCM_16
32,external_final_voxpopuli/real/vox_ext_04/vox_ext_04_002.wav,61062aec7a1184b834649005236a8c6fa99916ebd4b34e5f21304363255cc696,C:\Users\gonza\TFG\Deepfake-Detection\external_results\wavlm_final\preprocessed_16k\032_61062aec7a11_vox_ext_04_002.wav,61062aec7a1184b834649005236a8c6fa99916ebd4b34e5f21304363255cc696,16000,1,PCM_16
33,external_final_voxpopuli/real/vox_ext_04/vox_ext_04_003.wav,5f382904d99aeca3604e4488d0d18b9cd623172de10c94bad0538cc98afd45bf,C:\Users\gonza\TFG\Deepfake-Detection\external_results\wavlm_final\preprocessed_16k\033_5f382904d99a_vox_ext_04_003.wav,5f382904d99aeca3604e4488d0d18b9cd623172de10c94bad0538cc98afd45bf,16000,1,PCM_16
34,external_final_voxpopuli/real/vox_ext_04/vox_ext_04_004.wav,882ba347e250645a8973f6d2a5b9aa5c231b1ec3e7ad7af6271c494117315668,C:\Users\gonza\TFG\Deepfake-Detection\external_results\wavlm_final\preprocessed_16k\034_882ba347e250_vox_ext_04_004.wav,882ba347e250645a8973f6d2a5b9aa5c231b1ec3e7ad7af6271c494117315668,16000,1,PCM_16
35,external_final_voxpopuli/real/vox_ext_04/vox_ext_04_005.wav,d5d773a7b07790e12783d167d179606cc4190ea4df6e721aa75e708ff683f05e,C:\Users\gonza\TFG\Deepfake-Detection\external_results\wavlm_final\preprocessed_16k\035_d5d773a7b077_vox_ext_04_005.wav,d5d773a7b07790e12783d167d179606cc4190ea4df6e721aa75e708ff683f05e,16000,1,PCM_16
36,external_final_voxpopuli/real/vox_ext_04/vox_ext_04_006.wav,dda1cff93cf2cd81c774a4753a75fc566918ba8bb3b277c09d1bf2f7cda4dfea,C:\Users\gonza\TFG\Deepfake-Detection\external_results\wavlm_final\preprocessed_16k\036_dda1cff93cf2_vox_ext_04_006.wav,dda1cff93cf2cd81c774a4753a75fc566918ba8bb3b277c09d1bf2f7cda4dfea,16000,1,PCM_16
37,external_final_voxpopuli/real/vox_ext_04/vox_ext_04_007.wav,2e87ad0e7cb7e30a0d83392b39bc1601e0d7b78aa5dbf86ec4e55def02cf942f,C:\Users\gonza\TFG\Deepfake-Detection\external_results\wavlm_final\preprocessed_16k\037_2e87ad0e7cb7_vox_ext_04_007.wav,2e87ad0e7cb7e30a0d83392b39bc1601e0d7b78aa5dbf86ec4e55def02cf942f,16000,1,PCM_16
38,external_final_voxpopuli/real/vox_ext_04/vox_ext_04_008.wav,b704f96083d48b91ac3b67bfa71faa94babff61a21cb8beb0b9c5a9a46281696,C:\Users\gonza\TFG\Deepfake-Detection\external_results\wavlm_final\preprocessed_16k\038_b704f96083d4_vox_ext_04_008.wav,b704f96083d48b91ac3b67bfa71faa94babff61a21cb8beb0b9c5a9a46281696,16000,1,PCM_16
39,external_final_voxpopuli/real/vox_ext_04/vox_ext_04_009.wav,c9fbd5d7091948cc66fd4918ad04071e10d146060a06442400d785417f2281f2,C:\Users\gonza\TFG\Deepfake-Detection\external_results\wavlm_final\preprocessed_16k\039_c9fbd5d70919_vox_ext_04_009.wav,c9fbd5d7091948cc66fd4918ad04071e10d146060a06442400d785417f2281f2,16000,1,PCM_16
40,external_final_voxpopuli/real/vox_ext_04/vox_ext_04_010.wav,13d485488c09677276ea10279836006eb2e801195aed0b3ef267a3853bdb72d9,C:\Users\gonza\TFG\Deepfake-Detection\external_results\wavlm_final\preprocessed_16k\040_13d485488c09_vox_ext_04_010.wav,13d485488c09677276ea10279836006eb2e801195aed0b3ef267a3853bdb72d9,16000,1,PCM_16
41,external_final_voxpopuli/real/vox_ext_05/vox_ext_05_001.wav,6f16e491b0ad19e686ec125498a4e8535fadd717d180e15056e74c30a3f7fc63,C:\Users\gonza\TFG\Deepfake-Detection\external_results\wavlm_final\preprocessed_16k\041_6f16e491b0ad_vox_ext_05_001.wav,6f16e491b0ad19e686ec125498a4e8535fadd717d180e15056e74c30a3f7fc63,16000,1,PCM_16
42,external_final_voxpopuli/real/vox_ext_05/vox_ext_05_002.wav,170609e7efdb19c4a76ac0ed1514fdbaf90ea62515dee24dcb7e4d5c37d18535,C:\Users\gonza\TFG\Deepfake-Detection\external_results\wavlm_final\preprocessed_16k\042_170609e7efdb_vox_ext_05_002.wav,170609e7efdb19c4a76ac0ed1514fdbaf90ea62515dee24dcb7e4d5c37d18535,16000,1,PCM_16
43,external_final_voxpopuli/real/vox_ext_05/vox_ext_05_003.wav,767edcfdd461726ad650296288e42f582e7745bf85fcab281ad87f2fe0eee581,C:\Users\gonza\TFG\Deepfake-Detection\external_results\wavlm_final\preprocessed_16k\043_767edcfdd461_vox_ext_05_003.wav,767edcfdd461726ad650296288e42f582e7745bf85fcab281ad87f2fe0eee581,16000,1,PCM_16
44,external_final_voxpopuli/real/vox_ext_05/vox_ext_05_004.wav,501e2142d7621e0261c8b223d834284c9966074193f6d8294e1645b4a18a02c7,C:\Users\gonza\TFG\Deepfake-Detection\external_results\wavlm_final\preprocessed_16k\044_501e2142d762_vox_ext_05_004.wav,501e2142d7621e0261c8b223d834284c9966074193f6d8294e1645b4a18a02c7,16000,1,PCM_16
45,external_final_voxpopuli/real/vox_ext_05/vox_ext_05_005.wav,3f23c5b89b01ffeebccc4fc7d97dc39462909383902727419c98419c62a9d811,C:\Users\gonza\TFG\Deepfake-Detection\external_results\wavlm_final\preprocessed_16k\045_3f23c5b89b01_vox_ext_05_005.wav,3f23c5b89b01ffeebccc4fc7d97dc39462909383902727419c98419c62a9d811,16000,1,PCM_16
46,external_final_voxpopuli/real/vox_ext_05/vox_ext_05_006.wav,5b7d2a8c6a42821d2bf1badf4a0eff00f27e0f70223702d2e406c6b6a23f0d8e,C:\Users\gonza\TFG\Deepfake-Detection\external_results\wavlm_final\preprocessed_16k\046_5b7d2a8c6a42_vox_ext_05_006.wav,5b7d2a8c6a42821d2bf1badf4a0eff00f27e0f70223702d2e406c6b6a23f0d8e,16000,1,PCM_16
47,external_final_voxpopuli/real/vox_ext_05/vox_ext_05_007.wav,b51f273a33d5d16217d4b1032163c4ab542bb62ccea8289cbbe723d8a7db89ea,C:\Users\gonza\TFG\Deepfake-Detection\external_results\wavlm_final\preprocessed_16k\047_b51f273a33d5_vox_ext_05_007.wav,b51f273a33d5d16217d4b1032163c4ab542bb62ccea8289cbbe723d8a7db89ea,16000,1,PCM_16
48,external_final_voxpopuli/real/vox_ext_05/vox_ext_05_008.wav,f20bfce90f8202a92f3fddef1158fe9a5a7fe07fd6b759082c123f0e4d7067f1,C:\Users\gonza\TFG\Deepfake-Detection\external_results\wavlm_final\preprocessed_16k\048_f20bfce90f82_vox_ext_05_008.wav,f20bfce90f8202a92f3fddef1158fe9a5a7fe07fd6b759082c123f0e4d7067f1,16000,1,PCM_16
49,external_final_voxpopuli/real/vox_ext_05/vox_ext_05_009.wav,4bccd1438bfc58a6c6ae7b0c85ef81ff22ca83b67f73361e594504e874173d9e,C:\Users\gonza\TFG\Deepfake-Detection\external_results\wavlm_final\preprocessed_16k\049_4bccd1438bfc_vox_ext_05_009.wav,4bccd1438bfc58a6c6ae7b0c85ef81ff22ca83b67f73361e594504e874173d9e,16000,1,PCM_16
50,external_final_voxpopuli/real/vox_ext_05/vox_ext_05_010.wav,aeba647606d3ed554abbbd9468bd6833defaa8f6bba87ffadbd41e01b8ed0dc9,C:\Users\gonza\TFG\Deepfake-Detection\external_results\wavlm_final\preprocessed_16k\050_aeba647606d3_vox_ext_05_010.wav,aeba647606d3ed554abbbd9468bd6833defaa8f6bba87ffadbd41e01b8ed0dc9,16000,1,PCM_16
51,external_final_voxpopuli/real/vox_ext_06/vox_ext_06_001.wav,0284813e38cb3d1d611349777723c8c63ee72e73e4a198da7c01c7b8b9fc6650,C:\Users\gonza\TFG\Deepfake-Detection\external_results\wavlm_final\preprocessed_16k\051_0284813e38cb_vox_ext_06_001.wav,0284813e38cb3d1d611349777723c8c63ee72e73e4a198da7c01c7b8b9fc6650,16000,1,PCM_16
52,external_final_voxpopuli/real/vox_ext_06/vox_ext_06_002.wav,a111275665c4c70f92f5e7ef0aba95961f27d3b47f63ec7092eb14b47a964cb8,C:\Users\gonza\TFG\Deepfake-Detection\external_results\wavlm_final\preprocessed_16k\052_a111275665c4_vox_ext_06_002.wav,a111275665c4c70f92f5e7ef0aba95961f27d3b47f63ec7092eb14b47a964cb8,16000,1,PCM_16
53,external_final_voxpopuli/real/vox_ext_06/vox_ext_06_003.wav,cde38a16c5dfaf5ab65ba9af5ed51f163136a368fd0be7d1d6c88ce65517c829,C:\Users\gonza\TFG\Deepfake-Detection\external_results\wavlm_final\preprocessed_16k\053_cde38a16c5df_vox_ext_06_003.wav,cde38a16c5dfaf5ab65ba9af5ed51f163136a368fd0be7d1d6c88ce65517c829,16000,1,PCM_16
54,external_final_voxpopuli/real/vox_ext_06/vox_ext_06_004.wav,588f14a4f147786af3214dba784c2e0f276f98135799e7e5325b3ac9363a2bee,C:\Users\gonza\TFG\Deepfake-Detection\external_results\wavlm_final\preprocessed_16k\054_588f14a4f147_vox_ext_06_004.wav,588f14a4f147786af3214dba784c2e0f276f98135799e7e5325b3ac9363a2bee,16000,1,PCM_16
55,external_final_voxpopuli/real/vox_ext_06/vox_ext_06_005.wav,c6e2243d14caca773bed4dbccfe3562f516fd4a9915a349543afce92ee15b24a,C:\Users\gonza\TFG\Deepfake-Detection\external_results\wavlm_final\preprocessed_16k\055_c6e2243d14ca_vox_ext_06_005.wav,c6e2243d14caca773bed4dbccfe3562f516fd4a9915a349543afce92ee15b24a,16000,1,PCM_16
56,external_final_voxpopuli/real/vox_ext_06/vox_ext_06_006.wav,a14c9e51d4a2e5ae4c91c95fa05e94b22cb1785c295ce36c8eadc2409e7496e3,C:\Users\gonza\TFG\Deepfake-Detection\external_results\wavlm_final\preprocessed_16k\056_a14c9e51d4a2_vox_ext_06_006.wav,a14c9e51d4a2e5ae4c91c95fa05e94b22cb1785c295ce36c8eadc2409e7496e3,16000,1,PCM_16
57,external_final_voxpopuli/real/vox_ext_06/vox_ext_06_007.wav,d26c0b154cfb16880613135817b17a0fe7394892f24bd8a624a55e67c028af88,C:\Users\gonza\TFG\Deepfake-Detection\external_results\wavlm_final\preprocessed_16k\057_d26c0b154cfb_vox_ext_06_007.wav,d26c0b154cfb16880613135817b17a0fe7394892f24bd8a624a55e67c028af88,16000,1,PCM_16
58,external_final_voxpopuli/real/vox_ext_06/vox_ext_06_008.wav,2c51aa2668d333e1c7bc013ff47d7de10d7e491869c2d3aa8082fa211cab5f71,C:\Users\gonza\TFG\Deepfake-Detection\external_results\wavlm_final\preprocessed_16k\058_2c51aa2668d3_vox_ext_06_008.wav,2c51aa2668d333e1c7bc013ff47d7de10d7e491869c2d3aa8082fa211cab5f71,16000,1,PCM_16
59,external_final_voxpopuli/real/vox_ext_06/vox_ext_06_009.wav,cf502e3dd5017636aa9d07a1123d013b7c738386062cf47b08afb6ae1547f101,C:\Users\gonza\TFG\Deepfake-Detection\external_results\wavlm_final\preprocessed_16k\059_cf502e3dd501_vox_ext_06_009.wav,cf502e3dd5017636aa9d07a1123d013b7c738386062cf47b08afb6ae1547f101,16000,1,PCM_16
60,external_final_voxpopuli/real/vox_ext_06/vox_ext_06_010.wav,e4175872905d830452a21704b9b562efaf85dd4640a756432d3ac791940c7c4a,C:\Users\gonza\TFG\Deepfake-Detection\external_results\wavlm_final\preprocessed_16k\060_e4175872905d_vox_ext_06_010.wav,e4175872905d830452a21704b9b562efaf85dd4640a756432d3ac791940c7c4a,16000,1,PCM_16
61,external_final_voxpopuli/real/vox_ext_07/vox_ext_07_001.wav,387499e1c1afcf7f48ad281691a165b16f159d8928c4d458f11501cad0c5ef3f,C:\Users\gonza\TFG\Deepfake-Detection\external_results\wavlm_final\preprocessed_16k\061_387499e1c1af_vox_ext_07_001.wav,387499e1c1afcf7f48ad281691a165b16f159d8928c4d458f11501cad0c5ef3f,16000,1,PCM_16
62,external_final_voxpopuli/real/vox_ext_07/vox_ext_07_002.wav,f48634cbb6baa22465939e670aa6fd02551ba7a9470dcef99368dfe47f8d90e7,C:\Users\gonza\TFG\Deepfake-Detection\external_results\wavlm_final\preprocessed_16k\062_f48634cbb6ba_vox_ext_07_002.wav,f48634cbb6baa22465939e670aa6fd02551ba7a9470dcef99368dfe47f8d90e7,16000,1,PCM_16
63,external_final_voxpopuli/real/vox_ext_07/vox_ext_07_003.wav,0aa5724d81629aa921e70b92c71ab9941194c040d12be5039fd833c58a0fba62,C:\Users\gonza\TFG\Deepfake-Detection\external_results\wavlm_final\preprocessed_16k\063_0aa5724d8162_vox_ext_07_003.wav,0aa5724d81629aa921e70b92c71ab9941194c040d12be5039fd833c58a0fba62,16000,1,PCM_16
64,external_final_voxpopuli/real/vox_ext_07/vox_ext_07_004.wav,45180d8dea3b8ccc3ad8a88893e6edd12c85755a9cb5e2323b3ed1b18da5f15b,C:\Users\gonza\TFG\Deepfake-Detection\external_results\wavlm_final\preprocessed_16k\064_45180d8dea3b_vox_ext_07_004.wav,45180d8dea3b8ccc3ad8a88893e6edd12c85755a9cb5e2323b3ed1b18da5f15b,16000,1,PCM_16
65,external_final_voxpopuli/real/vox_ext_07/vox_ext_07_005.wav,d380326668e0a13a4e7411b8e63ff1512c1c97c3765f50a40380edc2532bfa74,C:\Users\gonza\TFG\Deepfake-Detection\external_results\wavlm_final\preprocessed_16k\065_d380326668e0_vox_ext_07_005.wav,d380326668e0a13a4e7411b8e63ff1512c1c97c3765f50a40380edc2532bfa74,16000,1,PCM_16
66,external_final_voxpopuli/real/vox_ext_07/vox_ext_07_006.wav,6abc6d4cbfe220e7adf2ab3cfea8ac73ebfbfcbe459c210a60549df1c2470183,C:\Users\gonza\TFG\Deepfake-Detection\external_results\wavlm_final\preprocessed_16k\066_6abc6d4cbfe2_vox_ext_07_006.wav,6abc6d4cbfe220e7adf2ab3cfea8ac73ebfbfcbe459c210a60549df1c2470183,16000,1,PCM_16
67,external_final_voxpopuli/real/vox_ext_07/vox_ext_07_007.wav,4b6381d9064bccb425e1c66de6f325a1f0c2f5cf85274cb3c5db43bd1ce78251,C:\Users\gonza\TFG\Deepfake-Detection\external_results\wavlm_final\preprocessed_16k\067_4b6381d9064b_vox_ext_07_007.wav,4b6381d9064bccb425e1c66de6f325a1f0c2f5cf85274cb3c5db43bd1ce78251,16000,1,PCM_16
68,external_final_voxpopuli/real/vox_ext_07/vox_ext_07_008.wav,00fa9d69b77126ae34c9978d49f380a59d2eefd11c0b2cf1e39b2e53230867f1,C:\Users\gonza\TFG\Deepfake-Detection\external_results\wavlm_final\preprocessed_16k\068_00fa9d69b771_vox_ext_07_008.wav,00fa9d69b77126ae34c9978d49f380a59d2eefd11c0b2cf1e39b2e53230867f1,16000,1,PCM_16
69,external_final_voxpopuli/real/vox_ext_07/vox_ext_07_009.wav,942fff73afc74eb3db91223c2e4aa215d5d38232ce08cd6512fa0eedd35c0aa1,C:\Users\gonza\TFG\Deepfake-Detection\external_results\wavlm_final\preprocessed_16k\069_942fff73afc7_vox_ext_07_009.wav,942fff73afc74eb3db91223c2e4aa215d5d38232ce08cd6512fa0eedd35c0aa1,16000,1,PCM_16
70,external_final_voxpopuli/real/vox_ext_07/vox_ext_07_010.wav,4477ba70644f75cafbfb698dc6cb89d57d203c8831d2d257b18683e269cc4778,C:\Users\gonza\TFG\Deepfake-Detection\external_results\wavlm_final\preprocessed_16k\070_4477ba70644f_vox_ext_07_010.wav,4477ba70644f75cafbfb698dc6cb89d57d203c8831d2d257b18683e269cc4778,16000,1,PCM_16
71,external_final_voxpopuli/real/vox_ext_08/vox_ext_08_001.wav,c52b040757552df2a95f1db983c90b9b8790019839ffca1cbef11274c03ce932,C:\Users\gonza\TFG\Deepfake-Detection\external_results\wavlm_final\preprocessed_16k\071_c52b04075755_vox_ext_08_001.wav,c52b040757552df2a95f1db983c90b9b8790019839ffca1cbef11274c03ce932,16000,1,PCM_16
72,external_final_voxpopuli/real/vox_ext_08/vox_ext_08_002.wav,95d0d139aef388b8013238e19312afc39cb085ee396f01d7be027a43438792b5,C:\Users\gonza\TFG\Deepfake-Detection\external_results\wavlm_final\preprocessed_16k\072_95d0d139aef3_vox_ext_08_002.wav,95d0d139aef388b8013238e19312afc39cb085ee396f01d7be027a43438792b5,16000,1,PCM_16
73,external_final_voxpopuli/real/vox_ext_08/vox_ext_08_003.wav,2d82800061a520a51ac58e08d7f9b56490a75ec3fd6bf1341834f81a977f2822,C:\Users\gonza\TFG\Deepfake-Detection\external_results\wavlm_final\preprocessed_16k\073_2d82800061a5_vox_ext_08_003.wav,2d82800061a520a51ac58e08d7f9b56490a75ec3fd6bf1341834f81a977f2822,16000,1,PCM_16
74,external_final_voxpopuli/real/vox_ext_08/vox_ext_08_004.wav,b2652b1c9f9a8129f9a0b1b6fc991b50e4e3cba0d70fa882cf5b4faff0a770ff,C:\Users\gonza\TFG\Deepfake-Detection\external_results\wavlm_final\preprocessed_16k\074_b2652b1c9f9a_vox_ext_08_004.wav,b2652b1c9f9a8129f9a0b1b6fc991b50e4e3cba0d70fa882cf5b4faff0a770ff,16000,1,PCM_16
75,external_final_voxpopuli/real/vox_ext_08/vox_ext_08_005.wav,41ca99d698fb8c1557b080ce7413f8dea2ddffbc25998daddf96476548f153b8,C:\Users\gonza\TFG\Deepfake-Detection\external_results\wavlm_final\preprocessed_16k\075_41ca99d698fb_vox_ext_08_005.wav,41ca99d698fb8c1557b080ce7413f8dea2ddffbc25998daddf96476548f153b8,16000,1,PCM_16
76,external_final_voxpopuli/real/vox_ext_08/vox_ext_08_006.wav,47eefc8c80b98a1c8ddc8866093eb6f8c73d1f121ac5f6d71cd2ee62539b7d59,C:\Users\gonza\TFG\Deepfake-Detection\external_results\wavlm_final\preprocessed_16k\076_47eefc8c80b9_vox_ext_08_006.wav,47eefc8c80b98a1c8ddc8866093eb6f8c73d1f121ac5f6d71cd2ee62539b7d59,16000,1,PCM_16
77,external_final_voxpopuli/real/vox_ext_08/vox_ext_08_007.wav,7e93882a0b97d61c2c5bb6d222635e0cae58811b57cefa98f96c686f6ba27265,C:\Users\gonza\TFG\Deepfake-Detection\external_results\wavlm_final\preprocessed_16k\077_7e93882a0b97_vox_ext_08_007.wav,7e93882a0b97d61c2c5bb6d222635e0cae58811b57cefa98f96c686f6ba27265,16000,1,PCM_16
78,external_final_voxpopuli/real/vox_ext_08/vox_ext_08_008.wav,624348d9f9e66c096503f2e9e6baf4703888e470e83c64b1bc64ffd0f30d8425,C:\Users\gonza\TFG\Deepfake-Detection\external_results\wavlm_final\preprocessed_16k\078_624348d9f9e6_vox_ext_08_008.wav,624348d9f9e66c096503f2e9e6baf4703888e470e83c64b1bc64ffd0f30d8425,16000,1,PCM_16
79,external_final_voxpopuli/real/vox_ext_08/vox_ext_08_009.wav,e17d3b0f0a9ec5927897e28a08559f0bdd5d92e860ed5a332ee00166563a70ad,C:\Users\gonza\TFG\Deepfake-Detection\external_results\wavlm_final\preprocessed_16k\079_e17d3b0f0a9e_vox_ext_08_009.wav,e17d3b0f0a9ec5927897e28a08559f0bdd5d92e860ed5a332ee00166563a70ad,16000,1,PCM_16
80,external_final_voxpopuli/real/vox_ext_08/vox_ext_08_010.wav,072b3bf3d43e1c78cf60d27366a24fef81db7a67d002758a0e692c6a59d13e94,C:\Users\gonza\TFG\Deepfake-Detection\external_results\wavlm_final\preprocessed_16k\080_072b3bf3d43e_vox_ext_08_010.wav,072b3bf3d43e1c78cf60d27366a24fef81db7a67d002758a0e692c6a59d13e94,16000,1,PCM_16
81,external_final_voxpopuli/real/vox_ext_09/vox_ext_09_001.wav,34c0ddb2a04e2d8934c07a4137d339100c733ea70e996826e3704bbb5355a1a6,C:\Users\gonza\TFG\Deepfake-Detection\external_results\wavlm_final\preprocessed_16k\081_34c0ddb2a04e_vox_ext_09_001.wav,34c0ddb2a04e2d8934c07a4137d339100c733ea70e996826e3704bbb5355a1a6,16000,1,PCM_16
82,external_final_voxpopuli/real/vox_ext_09/vox_ext_09_002.wav,90a7a2e9fe05ba6741ab97bb0471849b67ca390609074e0692fd19793fc4c9b7,C:\Users\gonza\TFG\Deepfake-Detection\external_results\wavlm_final\preprocessed_16k\082_90a7a2e9fe05_vox_ext_09_002.wav,90a7a2e9fe05ba6741ab97bb0471849b67ca390609074e0692fd19793fc4c9b7,16000,1,PCM_16
83,external_final_voxpopuli/real/vox_ext_09/vox_ext_09_003.wav,c77dd0ffe0fb7d0f752843bd25fce40e0bc0b12c9a7373a95b284d0659295bc0,C:\Users\gonza\TFG\Deepfake-Detection\external_results\wavlm_final\preprocessed_16k\083_c77dd0ffe0fb_vox_ext_09_003.wav,c77dd0ffe0fb7d0f752843bd25fce40e0bc0b12c9a7373a95b284d0659295bc0,16000,1,PCM_16
84,external_final_voxpopuli/real/vox_ext_09/vox_ext_09_004.wav,1f2d0db4639c51ab7c949074c0a6df70b3d815a7743d1b1f37fedf9770872625,C:\Users\gonza\TFG\Deepfake-Detection\external_results\wavlm_final\preprocessed_16k\084_1f2d0db4639c_vox_ext_09_004.wav,1f2d0db4639c51ab7c949074c0a6df70b3d815a7743d1b1f37fedf9770872625,16000,1,PCM_16
85,external_final_voxpopuli/real/vox_ext_09/vox_ext_09_005.wav,bf3a23dd4d3571737ed6dd0e5f209c860195894a9c962f2e06f62f3dcaba6d33,C:\Users\gonza\TFG\Deepfake-Detection\external_results\wavlm_final\preprocessed_16k\085_bf3a23dd4d35_vox_ext_09_005.wav,bf3a23dd4d3571737ed6dd0e5f209c860195894a9c962f2e06f62f3dcaba6d33,16000,1,PCM_16
86,external_final_voxpopuli/real/vox_ext_09/vox_ext_09_006.wav,3de70f9f1e7e28672aa60643c10c7dcd6e074e9e051df1118f86ba74651ebf9f,C:\Users\gonza\TFG\Deepfake-Detection\external_results\wavlm_final\preprocessed_16k\086_3de70f9f1e7e_vox_ext_09_006.wav,3de70f9f1e7e28672aa60643c10c7dcd6e074e9e051df1118f86ba74651ebf9f,16000,1,PCM_16
87,external_final_voxpopuli/real/vox_ext_09/vox_ext_09_007.wav,7118e6d3ec35f87d38bf15dd147cce95e799c4bbd40d1c6227c6df4e77241c90,C:\Users\gonza\TFG\Deepfake-Detection\external_results\wavlm_final\preprocessed_16k\087_7118e6d3ec35_vox_ext_09_007.wav,7118e6d3ec35f87d38bf15dd147cce95e799c4bbd40d1c6227c6df4e77241c90,16000,1,PCM_16
88,external_final_voxpopuli/real/vox_ext_09/vox_ext_09_008.wav,7ca2857775328f2442b3f91637f6e2184b626ba66151628514710301ed7fa4a0,C:\Users\gonza\TFG\Deepfake-Detection\external_results\wavlm_final\preprocessed_16k\088_7ca285777532_vox_ext_09_008.wav,7ca2857775328f2442b3f91637f6e2184b626ba66151628514710301ed7fa4a0,16000,1,PCM_16
89,external_final_voxpopuli/real/vox_ext_09/vox_ext_09_009.wav,cb10a3f41214f8b02f57e53b343f3ad31785ef0d9b80d684da3e86194fa48cea,C:\Users\gonza\TFG\Deepfake-Detection\external_results\wavlm_final\preprocessed_16k\089_cb10a3f41214_vox_ext_09_009.wav,cb10a3f41214f8b02f57e53b343f3ad31785ef0d9b80d684da3e86194fa48cea,16000,1,PCM_16
90,external_final_voxpopuli/real/vox_ext_09/vox_ext_09_010.wav,62ac329caab65b52ae10d70a7f7157b401867a6184a90102f2f71fb22a9fbbba,C:\Users\gonza\TFG\Deepfake-Detection\external_results\wavlm_final\preprocessed_16k\090_62ac329caab6_vox_ext_09_010.wav,62ac329caab65b52ae10d70a7f7157b401867a6184a90102f2f71fb22a9fbbba,16000,1,PCM_16
91,external_final_voxpopuli/real/vox_ext_10/vox_ext_10_001.wav,7518ace41520687f276e348f6456e6bbeda2696d1e81942d17a9494938d651c4,C:\Users\gonza\TFG\Deepfake-Detection\external_results\wavlm_final\preprocessed_16k\091_7518ace41520_vox_ext_10_001.wav,7518ace41520687f276e348f6456e6bbeda2696d1e81942d17a9494938d651c4,16000,1,PCM_16
92,external_final_voxpopuli/real/vox_ext_10/vox_ext_10_002.wav,5bde7d7ce111fbc7bf9ac1074efb7c13e858cbb7c9871f8a75cfc02d5ddba670,C:\Users\gonza\TFG\Deepfake-Detection\external_results\wavlm_final\preprocessed_16k\092_5bde7d7ce111_vox_ext_10_002.wav,5bde7d7ce111fbc7bf9ac1074efb7c13e858cbb7c9871f8a75cfc02d5ddba670,16000,1,PCM_16
93,external_final_voxpopuli/real/vox_ext_10/vox_ext_10_003.wav,deea152989a70a429852c176730deaedcd46743a8807ff23e0baa949305c0262,C:\Users\gonza\TFG\Deepfake-Detection\external_results\wavlm_final\preprocessed_16k\093_deea152989a7_vox_ext_10_003.wav,deea152989a70a429852c176730deaedcd46743a8807ff23e0baa949305c0262,16000,1,PCM_16
94,external_final_voxpopuli/real/vox_ext_10/vox_ext_10_004.wav,8c7fea96e3cb7126e10b41dc6516914b1f9b5b9ad307ef22e753ecd0e03277e6,C:\Users\gonza\TFG\Deepfake-Detection\external_results\wavlm_final\preprocessed_16k\094_8c7fea96e3cb_vox_ext_10_004.wav,8c7fea96e3cb7126e10b41dc6516914b1f9b5b9ad307ef22e753ecd0e03277e6,16000,1,PCM_16
95,external_final_voxpopuli/real/vox_ext_10/vox_ext_10_005.wav,7e1abf1b2ff5cbb8a9a2e0b828dbcaa5210555d2bb26a9adef7e73eb770f7f4a,C:\Users\gonza\TFG\Deepfake-Detection\external_results\wavlm_final\preprocessed_16k\095_7e1abf1b2ff5_vox_ext_10_005.wav,7e1abf1b2ff5cbb8a9a2e0b828dbcaa5210555d2bb26a9adef7e73eb770f7f4a,16000,1,PCM_16
96,external_final_voxpopuli/real/vox_ext_10/vox_ext_10_006.wav,ea8339f1a90f3826cc76a8d7054b4682a1abced9954c7c94cdc3be7b1788f68b,C:\Users\gonza\TFG\Deepfake-Detection\external_results\wavlm_final\preprocessed_16k\096_ea8339f1a90f_vox_ext_10_006.wav,ea8339f1a90f3826cc76a8d7054b4682a1abced9954c7c94cdc3be7b1788f68b,16000,1,PCM_16
97,external_final_voxpopuli/real/vox_ext_10/vox_ext_10_007.wav,517f7cf1dabacffe6f4556f55f88953e724ce18d703b7ab38ab0f68aea680543,C:\Users\gonza\TFG\Deepfake-Detection\external_results\wavlm_final\preprocessed_16k\097_517f7cf1daba_vox_ext_10_007.wav,517f7cf1dabacffe6f4556f55f88953e724ce18d703b7ab38ab0f68aea680543,16000,1,PCM_16
98,external_final_voxpopuli/real/vox_ext_10/vox_ext_10_008.wav,1c4f44d0b14f497acd7fae940031b104b43421d579856f22235c353fd2bf5c6d,C:\Users\gonza\TFG\Deepfake-Detection\external_results\wavlm_final\preprocessed_16k\098_1c4f44d0b14f_vox_ext_10_008.wav,1c4f44d0b14f497acd7fae940031b104b43421d579856f22235c353fd2bf5c6d,16000,1,PCM_16
99,external_final_voxpopuli/real/vox_ext_10/vox_ext_10_009.wav,5242f9ffedc5fc6f7efcc4f25a6642e9ed8956d43d68e5e7f6be392903f42735,C:\Users\gonza\TFG\Deepfake-Detection\external_results\wavlm_final\preprocessed_16k\099_5242f9ffedc5_vox_ext_10_009.wav,5242f9ffedc5fc6f7efcc4f25a6642e9ed8956d43d68e5e7f6be392903f42735,16000,1,PCM_16
100,external_final_voxpopuli/real/vox_ext_10/vox_ext_10_010.wav,7cde46046381d83c815a9814b73e95bfa6a9270b328d2a88649b6a0f4eb3d1e0,C:\Users\gonza\TFG\Deepfake-Detection\external_results\wavlm_final\preprocessed_16k\100_7cde46046381_vox_ext_10_010.wav,7cde46046381d83c815a9814b73e95bfa6a9270b328d2a88649b6a0f4eb3d1e0,16000,1,PCM_16
101,external_final_fake/fake/rvc/rvc_001.wav,913ce9e1ad3eb1c764fe18c00620009393204f83b6d59f4fc5b82b0ad573572f,C:\Users\gonza\TFG\Deepfake-Detection\external_results\wavlm_final\preprocessed_16k\101_913ce9e1ad3e_rvc_001.wav,80ceb33557a7ea884c0988742f62af304ca5a6b28ffa2c89c6a8568a41bd311d,16000,1,PCM_16
102,external_final_fake/fake/rvc/rvc_002.wav,dd588a2f172e5894bf4bb68e08191645bb3089beeffd849374a06dc3a84caae4,C:\Users\gonza\TFG\Deepfake-Detection\external_results\wavlm_final\preprocessed_16k\102_dd588a2f172e_rvc_002.wav,0af29cfa4282af0db067623b39183a139fb6fdc5ddb4d881b45047e078962e8f,16000,1,PCM_16
103,external_final_fake/fake/rvc/rvc_003.wav,88a2820ba744cf086136829d5813176f2ce643ea73d7153e0ab637c24b6fa3f3,C:\Users\gonza\TFG\Deepfake-Detection\external_results\wavlm_final\preprocessed_16k\103_88a2820ba744_rvc_003.wav,1e6f7d1c2d21212f02a8ac8594b9334b990bd6fe29d300a2e09ef6719b7042c6,16000,1,PCM_16
104,external_final_fake/fake/rvc/rvc_004.wav,e50069f73a06d21b6678337cbc71c43fe1853a194fea4320b14742db486e1cb4,C:\Users\gonza\TFG\Deepfake-Detection\external_results\wavlm_final\preprocessed_16k\104_e50069f73a06_rvc_004.wav,13a406aa52f3993d2ad1f6d6a217510b6058d4a67e356a74d06cb1e2b864e88e,16000,1,PCM_16
105,external_final_fake/fake/rvc/rvc_005.wav,c4c1839f222a864bbd459e6831ac880e2c0c391ae3194f8e0cbe65a140e60520,C:\Users\gonza\TFG\Deepfake-Detection\external_results\wavlm_final\preprocessed_16k\105_c4c1839f222a_rvc_005.wav,131959b5743c3b22ff2b60f82de2c0d7e0fad5f5f0b44faf49ec4449640696e6,16000,1,PCM_16
106,external_final_fake/fake/rvc/rvc_006.wav,11533c1db781f45765679d3f541e16dedb5b7b61836881e8d43c8c71c18429a4,C:\Users\gonza\TFG\Deepfake-Detection\external_results\wavlm_final\preprocessed_16k\106_11533c1db781_rvc_006.wav,7c361f9e8e03a2f9d6e1cdd5b48fbcb685bc9c79fd919ccdd0018186592744ea,16000,1,PCM_16
107,external_final_fake/fake/rvc/rvc_007.wav,18223df4b78a2e6c716f6d1892d543c5e2749b77ce222858ef73299900b38b9d,C:\Users\gonza\TFG\Deepfake-Detection\external_results\wavlm_final\preprocessed_16k\107_18223df4b78a_rvc_007.wav,f8e4d7243be30211a88b1252c6f66ce806ae43641f2bb682f6e1ad551771342d,16000,1,PCM_16
108,external_final_fake/fake/rvc/rvc_008.wav,26e38654935de9c6ef0456ca01e518ba0979246ca10f097b132c24836c2b825f,C:\Users\gonza\TFG\Deepfake-Detection\external_results\wavlm_final\preprocessed_16k\108_26e38654935d_rvc_008.wav,ed768b85f18e58822abfcfb7fc3c966c1b0c7208bf03b0c1823e25e575568525,16000,1,PCM_16
109,external_final_fake/fake/rvc/rvc_009.wav,03246ea692ec2a1bc7b203c757d789ddd2236e97ac9e59bf09528f164f96ba8a,C:\Users\gonza\TFG\Deepfake-Detection\external_results\wavlm_final\preprocessed_16k\109_03246ea692ec_rvc_009.wav,7de335cefebd3d71cd2b659921c0957456d716955d222807d49eea77bc2681ca,16000,1,PCM_16
110,external_final_fake/fake/rvc/rvc_010.wav,f869574fb468fe589338575d6b8a33031019e84f7bf6ad1b12031e7c06c3e1fa,C:\Users\gonza\TFG\Deepfake-Detection\external_results\wavlm_final\preprocessed_16k\110_f869574fb468_rvc_010.wav,31755d0c55e7c13a45fec0d9f62007c736360449553e6a0ac762da914157104a,16000,1,PCM_16
111,external_final_fake/fake/rvc/rvc_011.wav,f7af4b290c8ad52a09dfa7eb66532dbd715d742c0356540af197eced6cecfb76,C:\Users\gonza\TFG\Deepfake-Detection\external_results\wavlm_final\preprocessed_16k\111_f7af4b290c8a_rvc_011.wav,931f552bdb8ede15f6737f134cab7d9d79b9114742b1b29a0266014c1b9ebf4a,16000,1,PCM_16
112,external_final_fake/fake/rvc/rvc_012.wav,b6d75b051ce369740b4cf7169e84195ab32052919854c7ea60e87b4072a51e27,C:\Users\gonza\TFG\Deepfake-Detection\external_results\wavlm_final\preprocessed_16k\112_b6d75b051ce3_rvc_012.wav,bed64e6ddb65bb2f1b92d9bd45e8e35a930b4eca6d8732df0055790a81a0cab5,16000,1,PCM_16
113,external_final_fake/fake/rvc/rvc_013.wav,62e8976a7caeacaaa3893539d33f93eabffdaed8d9e352ab91100f823e43f797,C:\Users\gonza\TFG\Deepfake-Detection\external_results\wavlm_final\preprocessed_16k\113_62e8976a7cae_rvc_013.wav,b37a0896c15a55be70b68b0417f146da332e31717e295a263b6cadf1876b6518,16000,1,PCM_16
114,external_final_fake/fake/rvc/rvc_014.wav,f51461349c2e4256fcd2f68fa5af40f8e0000c4f3ba5033947a7879958dcedf6,C:\Users\gonza\TFG\Deepfake-Detection\external_results\wavlm_final\preprocessed_16k\114_f51461349c2e_rvc_014.wav,91cd39c03936646303a5f779398492b2f9810ef53d15c420629970bb85356cbb,16000,1,PCM_16
115,external_final_fake/fake/rvc/rvc_015.wav,46cfdd81e573095dfe26c804de8c9983507ca2cde99c3b907af626b7884f96f9,C:\Users\gonza\TFG\Deepfake-Detection\external_results\wavlm_final\preprocessed_16k\115_46cfdd81e573_rvc_015.wav,292d991728f028dbe35e2fc5c54d661362082fabd6e8da09344448745a524614,16000,1,PCM_16
116,external_final_fake/fake/rvc/rvc_016.wav,065be722e5df044da63f5289d9a9f36521db0b820b38f4d75d130fedf65dfb74,C:\Users\gonza\TFG\Deepfake-Detection\external_results\wavlm_final\preprocessed_16k\116_065be722e5df_rvc_016.wav,72513ed349ce00efa8cbf9400c51e6a54846732e9af59aeff104985670ef7c33,16000,1,PCM_16
117,external_final_fake/fake/rvc/rvc_017.wav,e1497f6d3c8039cdd81b0594ca3064ca6900980340f8835da84afc8c28869513,C:\Users\gonza\TFG\Deepfake-Detection\external_results\wavlm_final\preprocessed_16k\117_e1497f6d3c80_rvc_017.wav,86831cdabf927c480491e435042140891c45e531c59ae265cca103b19dfe1dfb,16000,1,PCM_16
118,external_final_fake/fake/rvc/rvc_018.wav,0bfbff737061f06520f4845628aac6c3316bbe8e6968a07b5d5237ac6c9f1705,C:\Users\gonza\TFG\Deepfake-Detection\external_results\wavlm_final\preprocessed_16k\118_0bfbff737061_rvc_018.wav,1827ad04c1c22bd4622fecc6ccaab32518f8f5b03b326e88ace3ee53a0a2455b,16000,1,PCM_16
119,external_final_fake/fake/rvc/rvc_019.wav,c91bdacd8a7efbb553113c5f559026c6a950e12c4234b40a88d2b5c6ff8a277a,C:\Users\gonza\TFG\Deepfake-Detection\external_results\wavlm_final\preprocessed_16k\119_c91bdacd8a7e_rvc_019.wav,682fd33a49a78fa6c64d41e1f1fa8b321e4f87346d9869bee1e009b420ef92d3,16000,1,PCM_16
120,external_final_fake/fake/rvc/rvc_020.wav,847736e4c55605829c892d8d3223c9bb2863d4d9ffaf62afb35507424ef9f48c,C:\Users\gonza\TFG\Deepfake-Detection\external_results\wavlm_final\preprocessed_16k\120_847736e4c556_rvc_020.wav,24b7a445bc604c229f163b996e1304fc8332503b89ad4c459229962168def57e,16000,1,PCM_16
121,external_final_fake/fake/qwen/qwen_001.wav,7fbe57f2da17d816ef437aff08a30d7035ec190bff24584ccf8e39a9db437392,C:\Users\gonza\TFG\Deepfake-Detection\external_results\wavlm_final\preprocessed_16k\121_7fbe57f2da17_qwen_001.wav,1e4f090bc696adbc9930caf736addf6a8cfc94e4f20d82b5083169db170e86cc,16000,1,PCM_16
122,external_final_fake/fake/qwen/qwen_002.wav,6616c6ce1ffe9f29d120ed345985d70e159fb9230734cfac9e92aff8b3c8c2c6,C:\Users\gonza\TFG\Deepfake-Detection\external_results\wavlm_final\preprocessed_16k\122_6616c6ce1ffe_qwen_002.wav,5c1e1358851744c4b4fe0bcca65df455bb0b62fc39f6d76ab81d4574d39db241,16000,1,PCM_16
123,external_final_fake/fake/qwen/qwen_003.wav,7810411ad29bd73d25d5def8cb83d2aa598707060bb44d1b0618492002418389,C:\Users\gonza\TFG\Deepfake-Detection\external_results\wavlm_final\preprocessed_16k\123_7810411ad29b_qwen_003.wav,17c9289271d8d017dc2602877af6958d21e2fc086bec955b85b5e32eb1822d41,16000,1,PCM_16
124,external_final_fake/fake/qwen/qwen_004.wav,5403d739e4ee99c79b72443d066c4903ff6a36e5d5242d8a696214e7327ce63c,C:\Users\gonza\TFG\Deepfake-Detection\external_results\wavlm_final\preprocessed_16k\124_5403d739e4ee_qwen_004.wav,b5833ef7fdc85876bad87fae63663c2f1cbbf9f81122622ec550cff522cf3c47,16000,1,PCM_16
125,external_final_fake/fake/qwen/qwen_005.wav,c201e51524bf0c3b0041d9a862ef0607e60c949da86741d9b422411e61053330,C:\Users\gonza\TFG\Deepfake-Detection\external_results\wavlm_final\preprocessed_16k\125_c201e51524bf_qwen_005.wav,8cdf7e3aad373c9bf41803f314cbfe63e3117f5f32fa6b3f4625fc5ab40d2cbe,16000,1,PCM_16
126,external_final_fake/fake/qwen/qwen_006.wav,779873c408008a287d0130ff8641d69599353e7a4635909ce7268d158c8899c7,C:\Users\gonza\TFG\Deepfake-Detection\external_results\wavlm_final\preprocessed_16k\126_779873c40800_qwen_006.wav,644c0e59146059fbc1346cfee55dfdcbda6522d16c1f97aca75fb329dbbc97fc,16000,1,PCM_16
127,external_final_fake/fake/qwen/qwen_007.wav,0a943fb2640d29e0f4f5a341376e000ba90667cc4b60ffee34535ebd95aa8094,C:\Users\gonza\TFG\Deepfake-Detection\external_results\wavlm_final\preprocessed_16k\127_0a943fb2640d_qwen_007.wav,a9bbb384a71947e5a85134dd8af0075c56b561cf59956397578aec1dd7aa5264,16000,1,PCM_16
128,external_final_fake/fake/qwen/qwen_008.wav,39ed68aa192dbe0a71f9b1338932e53110723e36274894cbed420b7ed8ea5990,C:\Users\gonza\TFG\Deepfake-Detection\external_results\wavlm_final\preprocessed_16k\128_39ed68aa192d_qwen_008.wav,9af46ea7f3c201cc7e89d673b497307298eff23beb4f4acd260a6c7bfdd5eabc,16000,1,PCM_16
129,external_final_fake/fake/qwen/qwen_009.wav,494763c13443e6ed04ce55da90ad21ee1a8741b2c8cac1dbdf949f24d16eda5d,C:\Users\gonza\TFG\Deepfake-Detection\external_results\wavlm_final\preprocessed_16k\129_494763c13443_qwen_009.wav,6b32c8658a112094628e38ca606347917efb0ac835fc416896c012b7176a1de7,16000,1,PCM_16
130,external_final_fake/fake/qwen/qwen_010.wav,e68f388036afbed7968d07be59a0823da884f76ab3d46dbac1f2dc8046083402,C:\Users\gonza\TFG\Deepfake-Detection\external_results\wavlm_final\preprocessed_16k\130_e68f388036af_qwen_010.wav,b4a897777b20fdc849726ad24ce7057453960ece070097e46dcc52237354afbc,16000,1,PCM_16
131,external_final_fake/fake/qwen/qwen_011.wav,70c98429f38d729fe230cc8c460e04d7fbb0f8b4ac70e95b225b0eb0625e2452,C:\Users\gonza\TFG\Deepfake-Detection\external_results\wavlm_final\preprocessed_16k\131_70c98429f38d_qwen_011.wav,34f218254d4aacd5f766225e9a380702c5fc2c7ede1a8c40e5d297300abc27cf,16000,1,PCM_16
132,external_final_fake/fake/qwen/qwen_012.wav,15af01f89fa6262c0e8d9f896895f62517d3ad61122c4f8a0ef3cdd7467e3d5a,C:\Users\gonza\TFG\Deepfake-Detection\external_results\wavlm_final\preprocessed_16k\132_15af01f89fa6_qwen_012.wav,358d9e7753f6278818feed4d0a98fac23741bc389f80122ba74685c932b839b7,16000,1,PCM_16
133,external_final_fake/fake/qwen/qwen_013.wav,e08c653c35152496d3eeddc049ab16251420b49cd22031aab0967cfe857fe5c9,C:\Users\gonza\TFG\Deepfake-Detection\external_results\wavlm_final\preprocessed_16k\133_e08c653c3515_qwen_013.wav,d7553b4918ef2e6ad6830ee24b8cc06ff6fc1c6e41afc66d46d6cd4a380753a0,16000,1,PCM_16
134,external_final_fake/fake/qwen/qwen_014.wav,067bd523555fef7b36340d5d14d96521de086a776b9a0544d4341f443c6cb28e,C:\Users\gonza\TFG\Deepfake-Detection\external_results\wavlm_final\preprocessed_16k\134_067bd523555f_qwen_014.wav,067c6b1ccf3086f655f05a7e3c54576af5fc550b22ea200fa61e9edeb0aefab1,16000,1,PCM_16
135,external_final_fake/fake/qwen/qwen_015.wav,be9b389e38ba948caeb330b0acf8d04c250124e91972e6c7944428c65a45b490,C:\Users\gonza\TFG\Deepfake-Detection\external_results\wavlm_final\preprocessed_16k\135_be9b389e38ba_qwen_015.wav,10ea4b15fd21c63a3d32c4d0e76acfb0882bdac9d10cef6dc900260ff82f27d2,16000,1,PCM_16
136,external_final_fake/fake/qwen/qwen_016.wav,654eab5e6f42f74e21750a5d2f0fc47765d33c8efbbf6690c3248b4f94688b88,C:\Users\gonza\TFG\Deepfake-Detection\external_results\wavlm_final\preprocessed_16k\136_654eab5e6f42_qwen_016.wav,fb123641a0fc6aeed2517913d354369e39d029798383456950022323d9fb18a9,16000,1,PCM_16
137,external_final_fake/fake/qwen/qwen_017.wav,29c21a731f5ad3ceffea086c0b60dabb984778317504b7e03033aee6a59527a1,C:\Users\gonza\TFG\Deepfake-Detection\external_results\wavlm_final\preprocessed_16k\137_29c21a731f5a_qwen_017.wav,c1583a467e30e2801f006cb7252b60eb6ed683ef91f70be11ff44b1f090f2995,16000,1,PCM_16
138,external_final_fake/fake/qwen/qwen_018.wav,ba3f3cd52e1bd873024776c6688d4fbdde06eb1e1987be0ab7ba15917609c46b,C:\Users\gonza\TFG\Deepfake-Detection\external_results\wavlm_final\preprocessed_16k\138_ba3f3cd52e1b_qwen_018.wav,bb095357975dedabb56f8b6b1f5c207eb481600386291cbda7b8d6606f2390fb,16000,1,PCM_16
139,external_final_fake/fake/qwen/qwen_019.wav,f29221d4455cad510b6083f4d65a013d0db6e94893f82d2f4ca5ceab2f07e59b,C:\Users\gonza\TFG\Deepfake-Detection\external_results\wavlm_final\preprocessed_16k\139_f29221d4455c_qwen_019.wav,53e83f5c4bc2b2ac9841153defdac335d61ac0692d1a0b6b5597406168bfde0d,16000,1,PCM_16
140,external_final_fake/fake/qwen/qwen_020.wav,e058f8c6b5d0770f962f78413cd003944463ec1ac494cedce1c5ddb8f94ab7e8,C:\Users\gonza\TFG\Deepfake-Detection\external_results\wavlm_final\preprocessed_16k\140_e058f8c6b5d0_qwen_020.wav,33591327d481b58b3e872f016f297415edc267bc1211b3790bf593a3baa6a9ab,16000,1,PCM_16
141,external_final_fake/fake/cosyvoice/cosyvoice_001.wav,c16c0ad2bbb232f4f46396d5bec83ff697502c3dc2e4056f7d898c25f3a26fa5,C:\Users\gonza\TFG\Deepfake-Detection\external_results\wavlm_final\preprocessed_16k\141_c16c0ad2bbb2_cosyvoice_001.wav,1f0ef1c8d68a93dbe8dde550cbbdbd6c9d58020f4172c4d87d346582c44a6151,16000,1,PCM_16
142,external_final_fake/fake/cosyvoice/cosyvoice_002.wav,469337ffff8f5e481be8205ed5d1d1902b8097b6f64b3f4739f8fc18578d8780,C:\Users\gonza\TFG\Deepfake-Detection\external_results\wavlm_final\preprocessed_16k\142_469337ffff8f_cosyvoice_002.wav,8befbc1a4c3f4ada026e88fd89c185d6683cd643b2d57cfbadfd34e8428eff92,16000,1,PCM_16
143,external_final_fake/fake/cosyvoice/cosyvoice_003.wav,81aebf14fef5496688746a25e1f1e28587a99845f964432fb806809e47653edb,C:\Users\gonza\TFG\Deepfake-Detection\external_results\wavlm_final\preprocessed_16k\143_81aebf14fef5_cosyvoice_003.wav,f4975c2ca473743297f7b9c6197474e88c0d7e260af10163943358a0621abfec,16000,1,PCM_16
144,external_final_fake/fake/cosyvoice/cosyvoice_004.wav,b423295a140af7d2e53c19390c96b4a023069cea5752932ae7685ad752e4ced5,C:\Users\gonza\TFG\Deepfake-Detection\external_results\wavlm_final\preprocessed_16k\144_b423295a140a_cosyvoice_004.wav,83dd7ecb2ca6ddfc2723041bba0ef6d29412d3ba53502e2cdf287c72dc718886,16000,1,PCM_16
145,external_final_fake/fake/cosyvoice/cosyvoice_005.wav,197920d6795639696c01a222811309e5ca545384de9d59c7863359f05959b7f4,C:\Users\gonza\TFG\Deepfake-Detection\external_results\wavlm_final\preprocessed_16k\145_197920d67956_cosyvoice_005.wav,8e01feafa6ab14bb2cbcd3381b1027979de2839bbf3ab4c6093bf38ddb0f6012,16000,1,PCM_16
146,external_final_fake/fake/cosyvoice/cosyvoice_006.wav,ff03376137607cceb78782778a5a67927f027a6e099adf9690304bb9a91f784f,C:\Users\gonza\TFG\Deepfake-Detection\external_results\wavlm_final\preprocessed_16k\146_ff0337613760_cosyvoice_006.wav,6c098672d54053c5d45be5009f4b03ebb12d5675a00c9d6dc712661b12fca531,16000,1,PCM_16
147,external_final_fake/fake/cosyvoice/cosyvoice_007.wav,fccf01dbe764fc20f613a55bf7298f9ac1ba263d2b8c0b264f7161b5bae3d026,C:\Users\gonza\TFG\Deepfake-Detection\external_results\wavlm_final\preprocessed_16k\147_fccf01dbe764_cosyvoice_007.wav,a95d291d654f136a4e49c2df702a9a32bfac37654fb3cc180951a8eb9f8ea21e,16000,1,PCM_16
148,external_final_fake/fake/cosyvoice/cosyvoice_008.wav,d6626cd162a9b8398774c9e1ee72ae22c03d5c52263747856d2e1510f7999005,C:\Users\gonza\TFG\Deepfake-Detection\external_results\wavlm_final\preprocessed_16k\148_d6626cd162a9_cosyvoice_008.wav,f288cb113677688ece69ad8648690b5afbcd04d8cdb31d3fdffe75f8e43570a5,16000,1,PCM_16
149,external_final_fake/fake/cosyvoice/cosyvoice_009.wav,b39553b780f7d2bf5fb41f3bf7609664fe0fbe95b19d9b73b77b1da556218672,C:\Users\gonza\TFG\Deepfake-Detection\external_results\wavlm_final\preprocessed_16k\149_b39553b780f7_cosyvoice_009.wav,8411480e8da110177dadb16ebdc0cb88cd88ba28ef30072374393b2b81ce185a,16000,1,PCM_16
150,external_final_fake/fake/cosyvoice/cosyvoice_010.wav,4acee0717d964361f908654d742a311db6a8e4db53536cd502f9ba9f485adac2,C:\Users\gonza\TFG\Deepfake-Detection\external_results\wavlm_final\preprocessed_16k\150_4acee0717d96_cosyvoice_010.wav,b42c253f290cd0aed4b7a1b64ed903806d6d3446c00dc33ba9be856822dbad13,16000,1,PCM_16
151,external_final_fake/fake/cosyvoice/cosyvoice_011.wav,ad85d702d69fde7bf7e94065d1fdb09810d501da84a1d56130c67386236d22e3,C:\Users\gonza\TFG\Deepfake-Detection\external_results\wavlm_final\preprocessed_16k\151_ad85d702d69f_cosyvoice_011.wav,9500cea6d38556422509555914ad6a0522b1e81a142e7cbf79dd7f74796cb8f0,16000,1,PCM_16
152,external_final_fake/fake/cosyvoice/cosyvoice_012.wav,c117b0935cd0b8357a0def7238cb0d598499be6a3d640fa92c0e0930816cd7e7,C:\Users\gonza\TFG\Deepfake-Detection\external_results\wavlm_final\preprocessed_16k\152_c117b0935cd0_cosyvoice_012.wav,fe2ccd9b4f6406b594e3a2d8c23e3cc7f57c48fc589e02bc5268a51c73cfdb0f,16000,1,PCM_16
153,external_final_fake/fake/cosyvoice/cosyvoice_013.wav,b3e32ab6008482c2fb5b35f3115c81bb9d8b440c3c0b32ef7f23f1eb4acb2731,C:\Users\gonza\TFG\Deepfake-Detection\external_results\wavlm_final\preprocessed_16k\153_b3e32ab60084_cosyvoice_013.wav,98e22782cbee079b77608d4d102d51826031547bb962d37127e32c52191b7c95,16000,1,PCM_16
154,external_final_fake/fake/cosyvoice/cosyvoice_014.wav,5d6b37b5f8b0df9cbf96d933deb788ed3e3b35447b66b45d04c263f21ebb14b3,C:\Users\gonza\TFG\Deepfake-Detection\external_results\wavlm_final\preprocessed_16k\154_5d6b37b5f8b0_cosyvoice_014.wav,0b57a1d393407d88b567f90920db1361c8126d17da3afc3c2b9893c53d9137d9,16000,1,PCM_16
155,external_final_fake/fake/cosyvoice/cosyvoice_015.wav,31815f33985d21fc66a84e42e0811ecdf0d4c13d57aae12713176ce8c887c745,C:\Users\gonza\TFG\Deepfake-Detection\external_results\wavlm_final\preprocessed_16k\155_31815f33985d_cosyvoice_015.wav,6c0a295ecdb1a97ad095e0dd5b1c022f0e34227a05de96d86a490aab8b36343f,16000,1,PCM_16
156,external_final_fake/fake/cosyvoice/cosyvoice_016.wav,3974ea64472a2c7e6b907925cab600ed32e711dc66d45cf9401143ca43bc36f4,C:\Users\gonza\TFG\Deepfake-Detection\external_results\wavlm_final\preprocessed_16k\156_3974ea64472a_cosyvoice_016.wav,ed020a4195b480c57ee13105ead3dbea1af6e020ecc7da74613cae66d09accb2,16000,1,PCM_16
157,external_final_fake/fake/cosyvoice/cosyvoice_017.wav,b5ae5441b9c4801a16332020d0cfb7a93750f1a8c2b1a0a326f8dea89e062f8a,C:\Users\gonza\TFG\Deepfake-Detection\external_results\wavlm_final\preprocessed_16k\157_b5ae5441b9c4_cosyvoice_017.wav,7feb740f72a691f8765dbad8d7544613c1ac73eb3e6835e3a5f2c70736d6325b,16000,1,PCM_16
158,external_final_fake/fake/cosyvoice/cosyvoice_018.wav,d8e9aa6c2db086638db0ac0bb2b19fc2b06a3075db1d6c06cd205aa229facfdb,C:\Users\gonza\TFG\Deepfake-Detection\external_results\wavlm_final\preprocessed_16k\158_d8e9aa6c2db0_cosyvoice_018.wav,1eacf225a6777a4a5698d5205c10918ba3394ce21fdc77e411ccec86667270a1,16000,1,PCM_16
159,external_final_fake/fake/cosyvoice/cosyvoice_019.wav,ca56fbe9a52e24b6116fd644b08adb4becd0366978ad3ae11ebd09e95856da1e,C:\Users\gonza\TFG\Deepfake-Detection\external_results\wavlm_final\preprocessed_16k\159_ca56fbe9a52e_cosyvoice_019.wav,17d1cecaa9f1cd2f1449694e5e1738dbe21cc639f47e8ebf308fd793d5bf3929,16000,1,PCM_16
160,external_final_fake/fake/cosyvoice/cosyvoice_020.wav,2d6ee8dc1e5e5faf9a7608947a9db232d77c911a232937c622f2861346022832,C:\Users\gonza\TFG\Deepfake-Detection\external_results\wavlm_final\preprocessed_16k\160_2d6ee8dc1e5e_cosyvoice_020.wav,c98e506292412e3ca52028d86b9513eeb06a424093c2fe1abfa202744e29e582,16000,1,PCM_16
161,external_final_fake/fake/confucius/confucius_001.wav,a2356050bbfdd0c5d5dc7c6b476247152da4a48b2968137913ff3189276532aa,C:\Users\gonza\TFG\Deepfake-Detection\external_results\wavlm_final\preprocessed_16k\161_a2356050bbfd_confucius_001.wav,02b778bd8c32a20457b0621c60a82cb357f28029385de1d3651562703ba2c479,16000,1,PCM_16
162,external_final_fake/fake/confucius/confucius_002.wav,26594fdfb7b3e74888577e76004ddfb4749cb41970aaa1a129f1189a48c853ce,C:\Users\gonza\TFG\Deepfake-Detection\external_results\wavlm_final\preprocessed_16k\162_26594fdfb7b3_confucius_002.wav,8cf0fd76107d1a28d7340e4646d74a5cee362d0cc10a8fdd97c4ab011f892ff5,16000,1,PCM_16
163,external_final_fake/fake/confucius/confucius_003.wav,731d4f6f70bc7986e96ec7f512e11b0c61bf310405ed99d74413822ff2501deb,C:\Users\gonza\TFG\Deepfake-Detection\external_results\wavlm_final\preprocessed_16k\163_731d4f6f70bc_confucius_003.wav,ae81d1ebc3bb6801b63b558d99e26f98980a3e80cd3e58e759742425416dbcc6,16000,1,PCM_16
164,external_final_fake/fake/confucius/confucius_004.wav,f56f95fad14252fcd887c92dde9dee5d11e54d7a0bdd1c1e2ca5b802978cfdd6,C:\Users\gonza\TFG\Deepfake-Detection\external_results\wavlm_final\preprocessed_16k\164_f56f95fad142_confucius_004.wav,ceecd5b6bbd5d4cacf42f90886b1a104590dd70291e0bb457f557e2008e864a0,16000,1,PCM_16
165,external_final_fake/fake/confucius/confucius_005.wav,e831cc715f4b8dfb406149ee18aa2a976fd8d2f8d1bab3b011d8b23c5742280d,C:\Users\gonza\TFG\Deepfake-Detection\external_results\wavlm_final\preprocessed_16k\165_e831cc715f4b_confucius_005.wav,c679ba157907e9521efd65433ba6fc725d5b9631894dfd583127eeb76bcb4cea,16000,1,PCM_16
166,external_final_fake/fake/confucius/confucius_006.wav,87d6d88b1bf7ded0b5246e28015fffc0e031d8bdc5ac8269df28514e8e26d960,C:\Users\gonza\TFG\Deepfake-Detection\external_results\wavlm_final\preprocessed_16k\166_87d6d88b1bf7_confucius_006.wav,42c7393aab7bfb7aaddef24ae55ee90d3bd8b82364d676770228ba0650960228,16000,1,PCM_16
167,external_final_fake/fake/confucius/confucius_007.wav,7dc9634e461509a154032a13784d3e7652b157d7c76815a570477b632aed6010,C:\Users\gonza\TFG\Deepfake-Detection\external_results\wavlm_final\preprocessed_16k\167_7dc9634e4615_confucius_007.wav,02921a6cbfe36f99d72d4b3db34ca9881c96a9f712200eef258a8f86200ec257,16000,1,PCM_16
168,external_final_fake/fake/confucius/confucius_008.wav,cac76ff13635eaab0b90220d52a1e77dba308580c129c956b184fb64f88ffcd9,C:\Users\gonza\TFG\Deepfake-Detection\external_results\wavlm_final\preprocessed_16k\168_cac76ff13635_confucius_008.wav,d5928ce75b56d7309960ce49cf85221f3ff479a89ea4e5cad0fe480bfb9509e2,16000,1,PCM_16
169,external_final_fake/fake/confucius/confucius_009.wav,4373da4b7f27bddf6e42df07181a3eeff02aab31655f9ab0bbeb0349f42faf47,C:\Users\gonza\TFG\Deepfake-Detection\external_results\wavlm_final\preprocessed_16k\169_4373da4b7f27_confucius_009.wav,a55f43ca9c2af3d5b13553981d4f5a433addbf695464314004d2a2ff12d301d6,16000,1,PCM_16
170,external_final_fake/fake/confucius/confucius_010.wav,c8a6e97567b9ef12d2a84940ed99452b914555f63072fb5439c308e513fde0e5,C:\Users\gonza\TFG\Deepfake-Detection\external_results\wavlm_final\preprocessed_16k\170_c8a6e97567b9_confucius_010.wav,17b4f12c1098480eb817fb7296180b776650de1acf7c1d6f9f048e2464490c7f,16000,1,PCM_16
171,external_final_fake/fake/confucius/confucius_011.wav,bf8ca8b889354aa5c7684472d1e64995ba241a403ccb781ecd18213dd1e9eacb,C:\Users\gonza\TFG\Deepfake-Detection\external_results\wavlm_final\preprocessed_16k\171_bf8ca8b88935_confucius_011.wav,bfbe06e9a3550127653aa0707aa0e9172d2d69730221b72781d377a460b0c89b,16000,1,PCM_16
172,external_final_fake/fake/confucius/confucius_012.wav,1d91951f29ca8b5b1e52e310b3fce7447be00bced4e53cc6ddf0833453b00a92,C:\Users\gonza\TFG\Deepfake-Detection\external_results\wavlm_final\preprocessed_16k\172_1d91951f29ca_confucius_012.wav,f1c1b701f3742392ac46bf9c58bbf20407104983be1e470472846721ceff2d30,16000,1,PCM_16
173,external_final_fake/fake/confucius/confucius_013.wav,8f88f4338693810888a829b672967ea1a91e75a75b1bd0d0779e8db5e1c4d9ca,C:\Users\gonza\TFG\Deepfake-Detection\external_results\wavlm_final\preprocessed_16k\173_8f88f4338693_confucius_013.wav,bd0400e6d8a1e0fe91eb77a567bed1256c6039885b023de536143a280574ced3,16000,1,PCM_16
174,external_final_fake/fake/confucius/confucius_014.wav,61a178cfc8e194685aee3d4c393ebf9926660b56f8f270865b37a4193d7a2fc0,C:\Users\gonza\TFG\Deepfake-Detection\external_results\wavlm_final\preprocessed_16k\174_61a178cfc8e1_confucius_014.wav,48f7d255c1f5b578a66c95fe115b51594268a2291fa1302d50035b1a4ce2cf0e,16000,1,PCM_16
175,external_final_fake/fake/confucius/confucius_015.wav,0453128f0aa59aca60d4ebc86349408ca18b66428b545355e1155db5a3cdd5d5,C:\Users\gonza\TFG\Deepfake-Detection\external_results\wavlm_final\preprocessed_16k\175_0453128f0aa5_confucius_015.wav,b6704166c6a8b3595a0ea31c8f624c662c52a19ebfeaced1fad4af1069467c53,16000,1,PCM_16
176,external_final_fake/fake/confucius/confucius_016.wav,96d2510f12c870a6ed8c3aa49d437d4e2e837448329d0b66603de6cb5adcaa30,C:\Users\gonza\TFG\Deepfake-Detection\external_results\wavlm_final\preprocessed_16k\176_96d2510f12c8_confucius_016.wav,514a6bbf32426f1d59c40a57969af7c57295a90bd2efb8ff72143a3e21a075bb,16000,1,PCM_16
177,external_final_fake/fake/confucius/confucius_017.wav,793087a429521604072cca8e45de7fc6eb310756cedb73ef7bc0b0c27cc8b27c,C:\Users\gonza\TFG\Deepfake-Detection\external_results\wavlm_final\preprocessed_16k\177_793087a42952_confucius_017.wav,d899c89a521166a0b73c7e1eefdc472db8444ee5a92686cecdbd9d454296fc02,16000,1,PCM_16
178,external_final_fake/fake/confucius/confucius_018.wav,878e43acf53f9b9a0c22122768227dac6bf8cb4d801fcfe948d4eab24ff3f0fd,C:\Users\gonza\TFG\Deepfake-Detection\external_results\wavlm_final\preprocessed_16k\178_878e43acf53f_confucius_018.wav,72f73652537ea99cddc242bf6b615c2352bcd1c787bed2ed875d9db6e6e21f10,16000,1,PCM_16
179,external_final_fake/fake/confucius/confucius_019.wav,cf9b1608c1383ebe896703bb28ac0ea19d4d4029ce3a8c4adc5aa0caa8614775,C:\Users\gonza\TFG\Deepfake-Detection\external_results\wavlm_final\preprocessed_16k\179_cf9b1608c138_confucius_019.wav,bee22a410b691290e29060f751a542a7834136046578a7f4ad0a87d4458a534d,16000,1,PCM_16
180,external_final_fake/fake/confucius/confucius_020.wav,6f089bcf1d8eeac1c770fb75fa6613ac5dd3a4a7dc4ec146f8ee203db0e171f9,C:\Users\gonza\TFG\Deepfake-Detection\external_results\wavlm_final\preprocessed_16k\180_6f089bcf1d8e_confucius_020.wav,7492a1af821a2703b7c75c10349dcbe8ffc181d9b7cbdcf5fa6b30a195231a43,16000,1,PCM_16
181,external_final_fake/fake/openvoice/openvoice_001.wav,25bddaecf90e238b90616365d53702074a6ce251391464b228128506860ee017,C:\Users\gonza\TFG\Deepfake-Detection\external_results\wavlm_final\preprocessed_16k\181_25bddaecf90e_openvoice_001.wav,51f9ca2a8f33a3dc7ad8d8539af4defbf8f2b20100c1da0cce43295a3fb814ff,16000,1,PCM_16
182,external_final_fake/fake/openvoice/openvoice_002.wav,1451887f5e423de51ce2fb48c6828d60e92303cda6046e553a2d27ea4b459783,C:\Users\gonza\TFG\Deepfake-Detection\external_results\wavlm_final\preprocessed_16k\182_1451887f5e42_openvoice_002.wav,dd10598709bd5bb5d6e2ae2d1af051eded85b539d87f77f6978fe9555da9248f,16000,1,PCM_16
183,external_final_fake/fake/openvoice/openvoice_003.wav,9c22b3e8fe9cc23cf6fd83cc89530c040f072b8de84b05d944f44eefe99440b7,C:\Users\gonza\TFG\Deepfake-Detection\external_results\wavlm_final\preprocessed_16k\183_9c22b3e8fe9c_openvoice_003.wav,06487398c89a149b7d31e0626337e76c785be71b658b97a8f90d34aa734320c1,16000,1,PCM_16
184,external_final_fake/fake/openvoice/openvoice_004.wav,60f2681a6fdef8d1580f9bcf220d0829d4abe88eb71921eb0675bdf0166834e5,C:\Users\gonza\TFG\Deepfake-Detection\external_results\wavlm_final\preprocessed_16k\184_60f2681a6fde_openvoice_004.wav,1deabce14fca365079ce267b46413d8e6018aadb30be97dda35ebbc800a82935,16000,1,PCM_16
185,external_final_fake/fake/openvoice/openvoice_005.wav,ea7fa4cbda22087b9347f1b250c343b85d413a9abeaeb1a2c4c3bc5f5a8bc9eb,C:\Users\gonza\TFG\Deepfake-Detection\external_results\wavlm_final\preprocessed_16k\185_ea7fa4cbda22_openvoice_005.wav,58d809d370dc5440a38cd03f4c602a982745e687ae86a2a90fa0d670456d97f7,16000,1,PCM_16
186,external_final_fake/fake/openvoice/openvoice_006.wav,50701d79de020ebbbab367c1d7958f0256a07f5ee9ab73c566e531bdf17ea975,C:\Users\gonza\TFG\Deepfake-Detection\external_results\wavlm_final\preprocessed_16k\186_50701d79de02_openvoice_006.wav,7c1c0a498b92527eb511e3e9d65416f74c4f8664c74685cb1adfe4f1868f6253,16000,1,PCM_16
187,external_final_fake/fake/openvoice/openvoice_007.wav,8432cca8b7cfb1cce11989128725cef3f048972904ade5ce0f29031dd90ca53b,C:\Users\gonza\TFG\Deepfake-Detection\external_results\wavlm_final\preprocessed_16k\187_8432cca8b7cf_openvoice_007.wav,d3cbb79b0ab635cde3e6f14943c532a72f516b56af7d6238913f4f551df894f8,16000,1,PCM_16
188,external_final_fake/fake/openvoice/openvoice_008.wav,96e69cff26a69bad1b46c00a1112edc177ebda5fbadd04509fa85d7f33ce96e1,C:\Users\gonza\TFG\Deepfake-Detection\external_results\wavlm_final\preprocessed_16k\188_96e69cff26a6_openvoice_008.wav,4ac801cb9489c7df09c61e822c5aeaf0b4a9874c7eb3ac68bf9967503c89e056,16000,1,PCM_16
189,external_final_fake/fake/openvoice/openvoice_009.wav,dc646f9105c7c060b5edea0dc4e3c0f72e3b5ca70b9898b8336ac41c9a4a4c58,C:\Users\gonza\TFG\Deepfake-Detection\external_results\wavlm_final\preprocessed_16k\189_dc646f9105c7_openvoice_009.wav,56bbcec25e312dd79408e323d58ea1d24ff6980625c50b81dd22a97c28f3336b,16000,1,PCM_16
190,external_final_fake/fake/openvoice/openvoice_010.wav,fadb8096924594bda5a304c359b46766d7935b394d87994f800cfa01f9404b4c,C:\Users\gonza\TFG\Deepfake-Detection\external_results\wavlm_final\preprocessed_16k\190_fadb80969245_openvoice_010.wav,2b96eda5e0de898afeed7f82937afddce8f41edd12b2997e67bb13c7844b1ff1,16000,1,PCM_16
191,external_final_fake/fake/openvoice/openvoice_011.wav,d7d1933ea0000397f125c972d2c65cb1183ad9c5125136e315a8c265c4e98063,C:\Users\gonza\TFG\Deepfake-Detection\external_results\wavlm_final\preprocessed_16k\191_d7d1933ea000_openvoice_011.wav,d17e8db36d7c7d1b58e41ecb2df0e6e847293cc36a8e8f91919e815820e224fd,16000,1,PCM_16
192,external_final_fake/fake/openvoice/openvoice_012.wav,de8f9c451c38892148cec158059f7e30fd041f41177e4b4dea4e34a8f027d0de,C:\Users\gonza\TFG\Deepfake-Detection\external_results\wavlm_final\preprocessed_16k\192_de8f9c451c38_openvoice_012.wav,ad098e979cece3bcf28680bde3fd57de53c0797d1cf52563e7c38410c359ed29,16000,1,PCM_16
193,external_final_fake/fake/openvoice/openvoice_013.wav,8094068d3d3c64cb6588536cdbe0b2b2d1659b64c9586692edc80e9ecd4ec31a,C:\Users\gonza\TFG\Deepfake-Detection\external_results\wavlm_final\preprocessed_16k\193_8094068d3d3c_openvoice_013.wav,52d4ca9f9c1d1fb4db63fa6da5f368186e21d9412e06ead1492444dad1f0d4a6,16000,1,PCM_16
194,external_final_fake/fake/openvoice/openvoice_014.wav,4b0545b2ee1e3fea6045b2104e85708e6a4af17a3296f34c638fe469a02ab0d3,C:\Users\gonza\TFG\Deepfake-Detection\external_results\wavlm_final\preprocessed_16k\194_4b0545b2ee1e_openvoice_014.wav,60c44a3dd077878690de4fab090f234ceedcc241611434fe8aeddfee05a0e481,16000,1,PCM_16
195,external_final_fake/fake/openvoice/openvoice_015.wav,5019b35c1dc3cad3f47098d82a70f6f6a63aa6e385b28793f57673aef3ed1c3a,C:\Users\gonza\TFG\Deepfake-Detection\external_results\wavlm_final\preprocessed_16k\195_5019b35c1dc3_openvoice_015.wav,4d029873f71c3dd0359ff51a2429badf0cb955a62b20561cebeb2bfc06652f62,16000,1,PCM_16
196,external_final_fake/fake/openvoice/openvoice_016.wav,a45b7b28d50cf5beed2070091671bc304514f738fdd0b4f2692321c26984585d,C:\Users\gonza\TFG\Deepfake-Detection\external_results\wavlm_final\preprocessed_16k\196_a45b7b28d50c_openvoice_016.wav,1e00ff4a683b1914eb417eafd27fc5d27071dac1d50fca135a56348ea3c91333,16000,1,PCM_16
197,external_final_fake/fake/openvoice/openvoice_017.wav,3375c3499f5ad1b136d2f43539ad018ba2a2d46bd7492401f143ee45aa2e3b46,C:\Users\gonza\TFG\Deepfake-Detection\external_results\wavlm_final\preprocessed_16k\197_3375c3499f5a_openvoice_017.wav,ff26d426ba67a381ef35b7603f8b22e1e1b9e9dd895b402fa6a43bcb9096b2d2,16000,1,PCM_16
198,external_final_fake/fake/openvoice/openvoice_018.wav,54d9a50f2c270c5a9cc7bb22eb2c397201210a407f0eb91f4a8472fe955fee69,C:\Users\gonza\TFG\Deepfake-Detection\external_results\wavlm_final\preprocessed_16k\198_54d9a50f2c27_openvoice_018.wav,8ad439f608373517333952b40732c004987f4a7e469640068f58aee07cf88970,16000,1,PCM_16
199,external_final_fake/fake/openvoice/openvoice_019.wav,eacc7b5901c25b49a3119920e7b37ee6a86ab02c5dc66c706c85e75fbfb43680,C:\Users\gonza\TFG\Deepfake-Detection\external_results\wavlm_final\preprocessed_16k\199_eacc7b5901c2_openvoice_019.wav,58e27113310ef69ae9576df433604e7f8cd0e23a03916134a8ed13a59fe3db3f,16000,1,PCM_16
200,external_final_fake/fake/openvoice/openvoice_020.wav,2acacc1a786d7f20a0681334cd25c37c36cd4f732e75c115c935102526a8c764,C:\Users\gonza\TFG\Deepfake-Detection\external_results\wavlm_final\preprocessed_16k\200_2acacc1a786d_openvoice_020.wav,5be3c23ef27abdc1ca0016650b66f78be7901d5c6f7ecb068c9dd6cdc142c579,16000,1,PCM_16
201,external_final_fake/fake/voxcpm2/voxcpm2_001.wav,7fea9bfa6ef546b97b9b95f551f129ad7a64a9d3d0b2f1519565f9d5bca79350,C:\Users\gonza\TFG\Deepfake-Detection\external_results\wavlm_final\preprocessed_16k\201_7fea9bfa6ef5_voxcpm2_001.wav,dccca52d272ea8e2272a3a9be99855260685fc8d0b6cfb614364b93d5a1e8dba,16000,1,PCM_16
202,external_final_fake/fake/voxcpm2/voxcpm2_002.wav,614a7c4448a1b6595adc5ca3787e255f68bebfd6ee0d66292df7de8f2bbdc297,C:\Users\gonza\TFG\Deepfake-Detection\external_results\wavlm_final\preprocessed_16k\202_614a7c4448a1_voxcpm2_002.wav,cade5572bba83807a41b40fc4049e024ae2ae2ac0bdd390523685f1d3c9090d4,16000,1,PCM_16
203,external_final_fake/fake/voxcpm2/voxcpm2_003.wav,8298e0fb661552dedf0516084bf667845f73a669bb55d048a8c102a9f57d1b7b,C:\Users\gonza\TFG\Deepfake-Detection\external_results\wavlm_final\preprocessed_16k\203_8298e0fb6615_voxcpm2_003.wav,993c898f34bcfdd9ba767f90683f6df89e79fb88b0bee479b9b8b5a2d101a9bc,16000,1,PCM_16
204,external_final_fake/fake/voxcpm2/voxcpm2_004.wav,20e452824385be955ebf274ff068488ceab8f648131aafc68172e0df0b825179,C:\Users\gonza\TFG\Deepfake-Detection\external_results\wavlm_final\preprocessed_16k\204_20e452824385_voxcpm2_004.wav,9d3ebce43d3478bc41e540196fce042dd089ac221f5ff023648149dd1366b721,16000,1,PCM_16
205,external_final_fake/fake/voxcpm2/voxcpm2_005.wav,942bf8207bd41d64a80bbe42af0a8e6cd544b04d946a5ae260447fec2dc02a18,C:\Users\gonza\TFG\Deepfake-Detection\external_results\wavlm_final\preprocessed_16k\205_942bf8207bd4_voxcpm2_005.wav,8cfccc191e1db1191aa5a762178f69f0a2a9b99eae39e24d763850fba62f13a7,16000,1,PCM_16
206,external_final_fake/fake/voxcpm2/voxcpm2_006.wav,d132e3c07ea4c93788bb21be6cc7cd86a7b996d72bab7f621881ce1e46595323,C:\Users\gonza\TFG\Deepfake-Detection\external_results\wavlm_final\preprocessed_16k\206_d132e3c07ea4_voxcpm2_006.wav,4285c98e54352027138816e4ab17e7a1a1d6073973386d18be17abe8d2443db9,16000,1,PCM_16
207,external_final_fake/fake/voxcpm2/voxcpm2_007.wav,ab89cfc36e3e988fa9d9fc9da7fdae10fb4176e0f26bb0559c8cd2c89ad5aacd,C:\Users\gonza\TFG\Deepfake-Detection\external_results\wavlm_final\preprocessed_16k\207_ab89cfc36e3e_voxcpm2_007.wav,ec3b5008cd139d1afa24fa3e29fdef251051fa156ad564c01728aa98c403af3f,16000,1,PCM_16
208,external_final_fake/fake/voxcpm2/voxcpm2_008.wav,760150c5063c1334dcbe5d42c843bfb307b79c95da312b67df3b01608a6dd4bb,C:\Users\gonza\TFG\Deepfake-Detection\external_results\wavlm_final\preprocessed_16k\208_760150c5063c_voxcpm2_008.wav,52d0a23e4e78d5c0f4343b3dab106cd6766c509b830d01c709b2015dc723f622,16000,1,PCM_16
209,external_final_fake/fake/voxcpm2/voxcpm2_009.wav,8289ee9805955072fa869384d79a81f5554b6aa7ad231472b047f90d5ffbe873,C:\Users\gonza\TFG\Deepfake-Detection\external_results\wavlm_final\preprocessed_16k\209_8289ee980595_voxcpm2_009.wav,4d2defdaaa097b5914905f4fe710b861f405af1fb3d3628a0cf64dab28cdd88a,16000,1,PCM_16
210,external_final_fake/fake/voxcpm2/voxcpm2_010.wav,6d1599abe704de4dd13d5c2b10154d37a6bc27dce1001b9ec0bb402ee549e541,C:\Users\gonza\TFG\Deepfake-Detection\external_results\wavlm_final\preprocessed_16k\210_6d1599abe704_voxcpm2_010.wav,8d493f196dc54d796d6adb1f07897770d8d0b6a52db3ba0bec0d14711d81c57a,16000,1,PCM_16
211,external_final_fake/fake/voxcpm2/voxcpm2_011.wav,0cf9adc92926824c9d81f9c80ac52313ecf4d8b55fdda64d40a72d4280f4be6b,C:\Users\gonza\TFG\Deepfake-Detection\external_results\wavlm_final\preprocessed_16k\211_0cf9adc92926_voxcpm2_011.wav,87f0c51abf57f9b1dca8149c96b52975ae2360ab015348fb24c6ecf4723bab4a,16000,1,PCM_16
212,external_final_fake/fake/voxcpm2/voxcpm2_012.wav,c37e953247b842811036c4f4381d6d5695b52386e094166f6a1e28f2d0ca47b7,C:\Users\gonza\TFG\Deepfake-Detection\external_results\wavlm_final\preprocessed_16k\212_c37e953247b8_voxcpm2_012.wav,51875a6ff84bfec5336531e8815f001456bef716d641d843568d535b934df448,16000,1,PCM_16
213,external_final_fake/fake/voxcpm2/voxcpm2_013.wav,7f55e993743e285612395688c1375d4da238ec4e598f17bb1b1c687456647c87,C:\Users\gonza\TFG\Deepfake-Detection\external_results\wavlm_final\preprocessed_16k\213_7f55e993743e_voxcpm2_013.wav,bb0d8f3f5459dc7f710876051ff76caa0bd77929cc087f8d106d74b9b2433798,16000,1,PCM_16
214,external_final_fake/fake/voxcpm2/voxcpm2_014.wav,b94a07da934a20d5d61ebe0b634f17835eee260d74deeb4e5dda3c143a19e57e,C:\Users\gonza\TFG\Deepfake-Detection\external_results\wavlm_final\preprocessed_16k\214_b94a07da934a_voxcpm2_014.wav,3aef22cd29b190d3d637d9a91dce47484a9f80f7a18b1b30ddd1b2d8daf04e70,16000,1,PCM_16
215,external_final_fake/fake/voxcpm2/voxcpm2_015.wav,851590f182ec8a48c7cce112d456cef5eb7f477c741aadad41223dffcaab8e23,C:\Users\gonza\TFG\Deepfake-Detection\external_results\wavlm_final\preprocessed_16k\215_851590f182ec_voxcpm2_015.wav,6b94fad74e1cd8f8d9e87c1eb72ea193b43befbc88fa14375892a5ad1bfc5593,16000,1,PCM_16
216,external_final_fake/fake/voxcpm2/voxcpm2_016.wav,d1dd3e5bc3d6fb767d58036c281f51d8f45c3e88284c1f675927fcb796dfb9b5,C:\Users\gonza\TFG\Deepfake-Detection\external_results\wavlm_final\preprocessed_16k\216_d1dd3e5bc3d6_voxcpm2_016.wav,1a7b8478f4023160d90d55e75121176c7755bb9be3faf6bf07135f1ab7930a8b,16000,1,PCM_16
217,external_final_fake/fake/voxcpm2/voxcpm2_017.wav,3f44bb7a8e63b7789358511abfa46e428584d48599d79e57c16fd6d591612c04,C:\Users\gonza\TFG\Deepfake-Detection\external_results\wavlm_final\preprocessed_16k\217_3f44bb7a8e63_voxcpm2_017.wav,4c2f11396a437a0b751a3477e6b8e5683ce34fa58fa6322f31a847626d39705a,16000,1,PCM_16
218,external_final_fake/fake/voxcpm2/voxcpm2_018.wav,38c8d6daa20f55271788c76171385525b01f5bbbcfed4dffaaec24979cd3f68e,C:\Users\gonza\TFG\Deepfake-Detection\external_results\wavlm_final\preprocessed_16k\218_38c8d6daa20f_voxcpm2_018.wav,c8434c9c578e651ffc526d64bb07e8dd71d2e5e329281f8460079bab65f90988,16000,1,PCM_16
219,external_final_fake/fake/voxcpm2/voxcpm2_019.wav,dc731245a11eeddb86b11fa22ece35e4b612caa6fa25c7961c39bcfbd3f7c408,C:\Users\gonza\TFG\Deepfake-Detection\external_results\wavlm_final\preprocessed_16k\219_dc731245a11e_voxcpm2_019.wav,0649a77455c4e314a42e3afafda24ac1f6d69181a876a62bfbede7e1fe4536ee,16000,1,PCM_16
220,external_final_fake/fake/voxcpm2/voxcpm2_020.wav,2dbf71e3ac808b460f61e37aa703b62ede06ae8d03e15e7778cd84f55c5682c3,C:\Users\gonza\TFG\Deepfake-Detection\external_results\wavlm_final\preprocessed_16k\220_2dbf71e3ac80_voxcpm2_020.wav,1fa0faf87058cf39988d7f917d60527b134981e2f4af36dfea15629512af2226,16000,1,PCM_16
