id,relative_path,file,label,class,generator,speaker,source_sample_rate,source_sha256,normalized_sha256,prob_fake,threshold,pred_label,pred_class,correct,error_type,checkpoint_sha256
1,external_final_voxpopuli/real/vox_ext_01/vox_ext_01_001.wav,vox_ext_01_001.wav,0,real,VoxPopuli,vox_ext_01,16000,9bddd57816f2864fb0cc7bea3d62391799d697de4261949101a8adea311186da,9bddd57816f2864fb0cc7bea3d62391799d697de4261949101a8adea311186da,0.9567152261734009,0.89501953125,1,fake,0,FP,957aa8f3d607bb85c61f9a3778d5fdbd3c86422e8e5ca48b7f3789e82324d6f1
2,external_final_voxpopuli/real/vox_ext_01/vox_ext_01_002.wav,vox_ext_01_002.wav,0,real,VoxPopuli,vox_ext_01,16000,4b6f36fb5e7663ea39b0f689c55b303c179c05300c6093c05ea3cf127c08b8d0,4b6f36fb5e7663ea39b0f689c55b303c179c05300c6093c05ea3cf127c08b8d0,0.6617043018341064,0.89501953125,0,real,1,,957aa8f3d607bb85c61f9a3778d5fdbd3c86422e8e5ca48b7f3789e82324d6f1
3,external_final_voxpopuli/real/vox_ext_01/vox_ext_01_003.wav,vox_ext_01_003.wav,0,real,VoxPopuli,vox_ext_01,16000,755bec094a8f89d307b210fb2f59883b3e701b9c78af90b026d31baf500d3182,755bec094a8f89d307b210fb2f59883b3e701b9c78af90b026d31baf500d3182,0.42316004633903503,0.89501953125,0,real,1,,957aa8f3d607bb85c61f9a3778d5fdbd3c86422e8e5ca48b7f3789e82324d6f1
4,external_final_voxpopuli/real/vox_ext_01/vox_ext_01_004.wav,vox_ext_01_004.wav,0,real,VoxPopuli,vox_ext_01,16000,dfed4832cbb2f5ee01cebaf3af26afa4ad5b0d6b4563762f0b51175131d55aea,dfed4832cbb2f5ee01cebaf3af26afa4ad5b0d6b4563762f0b51175131d55aea,0.5624769330024719,0.89501953125,0,real,1,,957aa8f3d607bb85c61f9a3778d5fdbd3c86422e8e5ca48b7f3789e82324d6f1
5,external_final_voxpopuli/real/vox_ext_01/vox_ext_01_005.wav,vox_ext_01_005.wav,0,real,VoxPopuli,vox_ext_01,16000,8f2b6231e2bb4bb32374858f42a83e3296cbdb544729192adbb4626eae7bebf6,8f2b6231e2bb4bb32374858f42a83e3296cbdb544729192adbb4626eae7bebf6,0.6395109295845032,0.89501953125,0,real,1,,957aa8f3d607bb85c61f9a3778d5fdbd3c86422e8e5ca48b7f3789e82324d6f1
6,external_final_voxpopuli/real/vox_ext_01/vox_ext_01_006.wav,vox_ext_01_006.wav,0,real,VoxPopuli,vox_ext_01,16000,4a61abca169d90e82c491086af5823060aac6bfc92638144ab5db61ea0317f27,4a61abca169d90e82c491086af5823060aac6bfc92638144ab5db61ea0317f27,0.9998488426208496,0.89501953125,1,fake,0,FP,957aa8f3d607bb85c61f9a3778d5fdbd3c86422e8e5ca48b7f3789e82324d6f1
7,external_final_voxpopuli/real/vox_ext_01/vox_ext_01_007.wav,vox_ext_01_007.wav,0,real,VoxPopuli,vox_ext_01,16000,61fceaf490f7c5861f7ca6492a6d632b816cf7b3962fbf90175e89a1f6f0aadf,61fceaf490f7c5861f7ca6492a6d632b816cf7b3962fbf90175e89a1f6f0aadf,0.9815244078636169,0.89501953125,1,fake,0,FP,957aa8f3d607bb85c61f9a3778d5fdbd3c86422e8e5ca48b7f3789e82324d6f1
8,external_final_voxpopuli/real/vox_ext_01/vox_ext_01_008.wav,vox_ext_01_008.wav,0,real,VoxPopuli,vox_ext_01,16000,247687a2dd4e36bb16e1094c60b8f92e672e81570ad3bdca698c6f906ec4086c,247687a2dd4e36bb16e1094c60b8f92e672e81570ad3bdca698c6f906ec4086c,0.9983256459236145,0.89501953125,1,fake,0,FP,957aa8f3d607bb85c61f9a3778d5fdbd3c86422e8e5ca48b7f3789e82324d6f1
9,external_final_voxpopuli/real/vox_ext_01/vox_ext_01_009.wav,vox_ext_01_009.wav,0,real,VoxPopuli,vox_ext_01,16000,95d9e6b00702248b4c2f3c7c178a9780c2fc6cae01d73e8bb0db3024d2caaf17,95d9e6b00702248b4c2f3c7c178a9780c2fc6cae01d73e8bb0db3024d2caaf17,0.8637367486953735,0.89501953125,0,real,1,,957aa8f3d607bb85c61f9a3778d5fdbd3c86422e8e5ca48b7f3789e82324d6f1
10,external_final_voxpopuli/real/vox_ext_01/vox_ext_01_010.wav,vox_ext_01_010.wav,0,real,VoxPopuli,vox_ext_01,16000,e0a382669831ee91a4cd20434872c6ae0842bef7ca4baeb96f1133e572865d75,e0a382669831ee91a4cd20434872c6ae0842bef7ca4baeb96f1133e572865d75,0.958615243434906,0.89501953125,1,fake,0,FP,957aa8f3d607bb85c61f9a3778d5fdbd3c86422e8e5ca48b7f3789e82324d6f1
11,external_final_voxpopuli/real/vox_ext_02/vox_ext_02_001.wav,vox_ext_02_001.wav,0,real,VoxPopuli,vox_ext_02,16000,cc13f90a90df5a1ee1f8751b75f20dae900a7399126abfccef94fe9ca98fb0a5,cc13f90a90df5a1ee1f8751b75f20dae900a7399126abfccef94fe9ca98fb0a5,0.9463988542556763,0.89501953125,1,fake,0,FP,957aa8f3d607bb85c61f9a3778d5fdbd3c86422e8e5ca48b7f3789e82324d6f1
12,external_final_voxpopuli/real/vox_ext_02/vox_ext_02_002.wav,vox_ext_02_002.wav,0,real,VoxPopuli,vox_ext_02,16000,8f3a0be38d46a71a31eb45bda1266159dcd22437bbda49df0aa1aac53a7a581c,8f3a0be38d46a71a31eb45bda1266159dcd22437bbda49df0aa1aac53a7a581c,0.9981897473335266,0.89501953125,1,fake,0,FP,957aa8f3d607bb85c61f9a3778d5fdbd3c86422e8e5ca48b7f3789e82324d6f1
13,external_final_voxpopuli/real/vox_ext_02/vox_ext_02_003.wav,vox_ext_02_003.wav,0,real,VoxPopuli,vox_ext_02,16000,f74f857d607bf8cb4ce62d122231a28dcbdbda10ddbb05a79841ce868b9b5c59,f74f857d607bf8cb4ce62d122231a28dcbdbda10ddbb05a79841ce868b9b5c59,0.996364176273346,0.89501953125,1,fake,0,FP,957aa8f3d607bb85c61f9a3778d5fdbd3c86422e8e5ca48b7f3789e82324d6f1
14,external_final_voxpopuli/real/vox_ext_02/vox_ext_02_004.wav,vox_ext_02_004.wav,0,real,VoxPopuli,vox_ext_02,16000,f8dca94d4d3238734b313f1f5c979c69953244ffa64aacef5ad0d32600749c12,f8dca94d4d3238734b313f1f5c979c69953244ffa64aacef5ad0d32600749c12,0.9908389449119568,0.89501953125,1,fake,0,FP,957aa8f3d607bb85c61f9a3778d5fdbd3c86422e8e5ca48b7f3789e82324d6f1
15,external_final_voxpopuli/real/vox_ext_02/vox_ext_02_005.wav,vox_ext_02_005.wav,0,real,VoxPopuli,vox_ext_02,16000,482741f42f450601772d2f817ea8051ddbf50ba1ad949b8cb430ee5b650105f2,482741f42f450601772d2f817ea8051ddbf50ba1ad949b8cb430ee5b650105f2,0.9866748452186584,0.89501953125,1,fake,0,FP,957aa8f3d607bb85c61f9a3778d5fdbd3c86422e8e5ca48b7f3789e82324d6f1
16,external_final_voxpopuli/real/vox_ext_02/vox_ext_02_006.wav,vox_ext_02_006.wav,0,real,VoxPopuli,vox_ext_02,16000,be31f4e6d081353db14485bb95676b3593e3669e13592d1f5b37f4904e7c8fcf,be31f4e6d081353db14485bb95676b3593e3669e13592d1f5b37f4904e7c8fcf,0.9954615235328674,0.89501953125,1,fake,0,FP,957aa8f3d607bb85c61f9a3778d5fdbd3c86422e8e5ca48b7f3789e82324d6f1
17,external_final_voxpopuli/real/vox_ext_02/vox_ext_02_007.wav,vox_ext_02_007.wav,0,real,VoxPopuli,vox_ext_02,16000,2126a656008c4974a6ccf683450efa0517109d61f975adb61eefd0c91d45beed,2126a656008c4974a6ccf683450efa0517109d61f975adb61eefd0c91d45beed,0.9326989054679871,0.89501953125,1,fake,0,FP,957aa8f3d607bb85c61f9a3778d5fdbd3c86422e8e5ca48b7f3789e82324d6f1
18,external_final_voxpopuli/real/vox_ext_02/vox_ext_02_008.wav,vox_ext_02_008.wav,0,real,VoxPopuli,vox_ext_02,16000,9af969bb48d2e8bc5acf13c1120d35d30fcfe67a904cfcd8c9489c32c2738227,9af969bb48d2e8bc5acf13c1120d35d30fcfe67a904cfcd8c9489c32c2738227,0.9466953873634338,0.89501953125,1,fake,0,FP,957aa8f3d607bb85c61f9a3778d5fdbd3c86422e8e5ca48b7f3789e82324d6f1
19,external_final_voxpopuli/real/vox_ext_02/vox_ext_02_009.wav,vox_ext_02_009.wav,0,real,VoxPopuli,vox_ext_02,16000,aed27e5c86dd40ca8db5435731850be9c90472d11c2ed7861d297fca59b184a1,aed27e5c86dd40ca8db5435731850be9c90472d11c2ed7861d297fca59b184a1,0.9985730648040771,0.89501953125,1,fake,0,FP,957aa8f3d607bb85c61f9a3778d5fdbd3c86422e8e5ca48b7f3789e82324d6f1
20,external_final_voxpopuli/real/vox_ext_02/vox_ext_02_010.wav,vox_ext_02_010.wav,0,real,VoxPopuli,vox_ext_02,16000,3b29bdafbbd29ea4fe34c055291cba41803cb91d1e6e92c4798288d35be362b1,3b29bdafbbd29ea4fe34c055291cba41803cb91d1e6e92c4798288d35be362b1,0.8737544417381287,0.89501953125,0,real,1,,957aa8f3d607bb85c61f9a3778d5fdbd3c86422e8e5ca48b7f3789e82324d6f1
21,external_final_voxpopuli/real/vox_ext_03/vox_ext_03_001.wav,vox_ext_03_001.wav,0,real,VoxPopuli,vox_ext_03,16000,17378158128daea8cdcbb6f7070ca858347c8c6a882b4edd52bf0f2fcf02e716,17378158128daea8cdcbb6f7070ca858347c8c6a882b4edd52bf0f2fcf02e716,0.897335946559906,0.89501953125,1,fake,0,FP,957aa8f3d607bb85c61f9a3778d5fdbd3c86422e8e5ca48b7f3789e82324d6f1
22,external_final_voxpopuli/real/vox_ext_03/vox_ext_03_002.wav,vox_ext_03_002.wav,0,real,VoxPopuli,vox_ext_03,16000,de3162f0841b7d34fe3c46041706bad8219d3e50e63d2f9206eaafb51fa66ea1,de3162f0841b7d34fe3c46041706bad8219d3e50e63d2f9206eaafb51fa66ea1,0.12442563474178314,0.89501953125,0,real,1,,957aa8f3d607bb85c61f9a3778d5fdbd3c86422e8e5ca48b7f3789e82324d6f1
23,external_final_voxpopuli/real/vox_ext_03/vox_ext_03_003.wav,vox_ext_03_003.wav,0,real,VoxPopuli,vox_ext_03,16000,2613451b04277c3feaea2f3bbab074040f135e3ba94c3f30118985fd592932fc,2613451b04277c3feaea2f3bbab074040f135e3ba94c3f30118985fd592932fc,0.013689476065337658,0.89501953125,0,real,1,,957aa8f3d607bb85c61f9a3778d5fdbd3c86422e8e5ca48b7f3789e82324d6f1
24,external_final_voxpopuli/real/vox_ext_03/vox_ext_03_004.wav,vox_ext_03_004.wav,0,real,VoxPopuli,vox_ext_03,16000,39d7124adbe9aa09b081aa453d4c4b35f0373d362b3e90e11877bc37e42d024b,39d7124adbe9aa09b081aa453d4c4b35f0373d362b3e90e11877bc37e42d024b,0.9978172779083252,0.89501953125,1,fake,0,FP,957aa8f3d607bb85c61f9a3778d5fdbd3c86422e8e5ca48b7f3789e82324d6f1
25,external_final_voxpopuli/real/vox_ext_03/vox_ext_03_005.wav,vox_ext_03_005.wav,0,real,VoxPopuli,vox_ext_03,16000,a4e9b80e1c96348c3c4b505614008b39ee8c8086141a16d93454b82522ded4f2,a4e9b80e1c96348c3c4b505614008b39ee8c8086141a16d93454b82522ded4f2,0.6931614875793457,0.89501953125,0,real,1,,957aa8f3d607bb85c61f9a3778d5fdbd3c86422e8e5ca48b7f3789e82324d6f1
26,external_final_voxpopuli/real/vox_ext_03/vox_ext_03_006.wav,vox_ext_03_006.wav,0,real,VoxPopuli,vox_ext_03,16000,b896550f825f7061387fcdeb37e9573218c5dd916b570e4f0e4e3a95c326f67a,b896550f825f7061387fcdeb37e9573218c5dd916b570e4f0e4e3a95c326f67a,0.9891397356987,0.89501953125,1,fake,0,FP,957aa8f3d607bb85c61f9a3778d5fdbd3c86422e8e5ca48b7f3789e82324d6f1
27,external_final_voxpopuli/real/vox_ext_03/vox_ext_03_007.wav,vox_ext_03_007.wav,0,real,VoxPopuli,vox_ext_03,16000,23a4034d31e2a47066a171a2b98f66124c4edc12b8a71813d3b11fa1f092c9eb,23a4034d31e2a47066a171a2b98f66124c4edc12b8a71813d3b11fa1f092c9eb,0.5035247206687927,0.89501953125,0,real,1,,957aa8f3d607bb85c61f9a3778d5fdbd3c86422e8e5ca48b7f3789e82324d6f1
28,external_final_voxpopuli/real/vox_ext_03/vox_ext_03_008.wav,vox_ext_03_008.wav,0,real,VoxPopuli,vox_ext_03,16000,6bebea3d128a8714f46d89ea798c7e8f66a207a32f949ce5ad58ef11964911d6,6bebea3d128a8714f46d89ea798c7e8f66a207a32f949ce5ad58ef11964911d6,0.9954615235328674,0.89501953125,1,fake,0,FP,957aa8f3d607bb85c61f9a3778d5fdbd3c86422e8e5ca48b7f3789e82324d6f1
29,external_final_voxpopuli/real/vox_ext_03/vox_ext_03_009.wav,vox_ext_03_009.wav,0,real,VoxPopuli,vox_ext_03,16000,efabb8cbcee4a7d455cc906f36a164835e7ebe1bdfc64c5c0c19a039afd36d73,efabb8cbcee4a7d455cc906f36a164835e7ebe1bdfc64c5c0c19a039afd36d73,0.9894702434539795,0.89501953125,1,fake,0,FP,957aa8f3d607bb85c61f9a3778d5fdbd3c86422e8e5ca48b7f3789e82324d6f1
30,external_final_voxpopuli/real/vox_ext_03/vox_ext_03_010.wav,vox_ext_03_010.wav,0,real,VoxPopuli,vox_ext_03,16000,b1d477d0c42ec6f49942f8a6ea681751c5270f515e5b754167dbdedc6585004b,b1d477d0c42ec6f49942f8a6ea681751c5270f515e5b754167dbdedc6585004b,0.5795193910598755,0.89501953125,0,real,1,,957aa8f3d607bb85c61f9a3778d5fdbd3c86422e8e5ca48b7f3789e82324d6f1
31,external_final_voxpopuli/real/vox_ext_04/vox_ext_04_001.wav,vox_ext_04_001.wav,0,real,VoxPopuli,vox_ext_04,16000,7e45bfcf8e111dad28afe6e89704b1655cbc8dd83d4ce07b47edace99b534e2c,7e45bfcf8e111dad28afe6e89704b1655cbc8dd83d4ce07b47edace99b534e2c,0.8768454790115356,0.89501953125,0,real,1,,957aa8f3d607bb85c61f9a3778d5fdbd3c86422e8e5ca48b7f3789e82324d6f1
32,external_final_voxpopuli/real/vox_ext_04/vox_ext_04_002.wav,vox_ext_04_002.wav,0,real,VoxPopuli,vox_ext_04,16000,61062aec7a1184b834649005236a8c6fa99916ebd4b34e5f21304363255cc696,61062aec7a1184b834649005236a8c6fa99916ebd4b34e5f21304363255cc696,0.047074172645807266,0.89501953125,0,real,1,,957aa8f3d607bb85c61f9a3778d5fdbd3c86422e8e5ca48b7f3789e82324d6f1
33,external_final_voxpopuli/real/vox_ext_04/vox_ext_04_003.wav,vox_ext_04_003.wav,0,real,VoxPopuli,vox_ext_04,16000,5f382904d99aeca3604e4488d0d18b9cd623172de10c94bad0538cc98afd45bf,5f382904d99aeca3604e4488d0d18b9cd623172de10c94bad0538cc98afd45bf,0.9905142784118652,0.89501953125,1,fake,0,FP,957aa8f3d607bb85c61f9a3778d5fdbd3c86422e8e5ca48b7f3789e82324d6f1
34,external_final_voxpopuli/real/vox_ext_04/vox_ext_04_004.wav,vox_ext_04_004.wav,0,real,VoxPopuli,vox_ext_04,16000,882ba347e250645a8973f6d2a5b9aa5c231b1ec3e7ad7af6271c494117315668,882ba347e250645a8973f6d2a5b9aa5c231b1ec3e7ad7af6271c494117315668,0.9974689483642578,0.89501953125,1,fake,0,FP,957aa8f3d607bb85c61f9a3778d5fdbd3c86422e8e5ca48b7f3789e82324d6f1
35,external_final_voxpopuli/real/vox_ext_04/vox_ext_04_005.wav,vox_ext_04_005.wav,0,real,VoxPopuli,vox_ext_04,16000,d5d773a7b07790e12783d167d179606cc4190ea4df6e721aa75e708ff683f05e,d5d773a7b07790e12783d167d179606cc4190ea4df6e721aa75e708ff683f05e,0.9886244535446167,0.89501953125,1,fake,0,FP,957aa8f3d607bb85c61f9a3778d5fdbd3c86422e8e5ca48b7f3789e82324d6f1
36,external_final_voxpopuli/real/vox_ext_04/vox_ext_04_006.wav,vox_ext_04_006.wav,0,real,VoxPopuli,vox_ext_04,16000,dda1cff93cf2cd81c774a4753a75fc566918ba8bb3b277c09d1bf2f7cda4dfea,dda1cff93cf2cd81c774a4753a75fc566918ba8bb3b277c09d1bf2f7cda4dfea,0.8891444206237793,0.89501953125,0,real,1,,957aa8f3d607bb85c61f9a3778d5fdbd3c86422e8e5ca48b7f3789e82324d6f1
37,external_final_voxpopuli/real/vox_ext_04/vox_ext_04_007.wav,vox_ext_04_007.wav,0,real,VoxPopuli,vox_ext_04,16000,2e87ad0e7cb7e30a0d83392b39bc1601e0d7b78aa5dbf86ec4e55def02cf942f,2e87ad0e7cb7e30a0d83392b39bc1601e0d7b78aa5dbf86ec4e55def02cf942f,0.6834195256233215,0.89501953125,0,real,1,,957aa8f3d607bb85c61f9a3778d5fdbd3c86422e8e5ca48b7f3789e82324d6f1
38,external_final_voxpopuli/real/vox_ext_04/vox_ext_04_008.wav,vox_ext_04_008.wav,0,real,VoxPopuli,vox_ext_04,16000,b704f96083d48b91ac3b67bfa71faa94babff61a21cb8beb0b9c5a9a46281696,b704f96083d48b91ac3b67bfa71faa94babff61a21cb8beb0b9c5a9a46281696,0.8645393252372742,0.89501953125,0,real,1,,957aa8f3d607bb85c61f9a3778d5fdbd3c86422e8e5ca48b7f3789e82324d6f1
39,external_final_voxpopuli/real/vox_ext_04/vox_ext_04_009.wav,vox_ext_04_009.wav,0,real,VoxPopuli,vox_ext_04,16000,c9fbd5d7091948cc66fd4918ad04071e10d146060a06442400d785417f2281f2,c9fbd5d7091948cc66fd4918ad04071e10d146060a06442400d785417f2281f2,0.9785903096199036,0.89501953125,1,fake,0,FP,957aa8f3d607bb85c61f9a3778d5fdbd3c86422e8e5ca48b7f3789e82324d6f1
40,external_final_voxpopuli/real/vox_ext_04/vox_ext_04_010.wav,vox_ext_04_010.wav,0,real,VoxPopuli,vox_ext_04,16000,13d485488c09677276ea10279836006eb2e801195aed0b3ef267a3853bdb72d9,13d485488c09677276ea10279836006eb2e801195aed0b3ef267a3853bdb72d9,0.9949592351913452,0.89501953125,1,fake,0,FP,957aa8f3d607bb85c61f9a3778d5fdbd3c86422e8e5ca48b7f3789e82324d6f1
41,external_final_voxpopuli/real/vox_ext_05/vox_ext_05_001.wav,vox_ext_05_001.wav,0,real,VoxPopuli,vox_ext_05,16000,6f16e491b0ad19e686ec125498a4e8535fadd717d180e15056e74c30a3f7fc63,6f16e491b0ad19e686ec125498a4e8535fadd717d180e15056e74c30a3f7fc63,0.9969956874847412,0.89501953125,1,fake,0,FP,957aa8f3d607bb85c61f9a3778d5fdbd3c86422e8e5ca48b7f3789e82324d6f1
42,external_final_voxpopuli/real/vox_ext_05/vox_ext_05_002.wav,vox_ext_05_002.wav,0,real,VoxPopuli,vox_ext_05,16000,170609e7efdb19c4a76ac0ed1514fdbaf90ea62515dee24dcb7e4d5c37d18535,170609e7efdb19c4a76ac0ed1514fdbaf90ea62515dee24dcb7e4d5c37d18535,0.9989308714866638,0.89501953125,1,fake,0,FP,957aa8f3d607bb85c61f9a3778d5fdbd3c86422e8e5ca48b7f3789e82324d6f1
43,external_final_voxpopuli/real/vox_ext_05/vox_ext_05_003.wav,vox_ext_05_003.wav,0,real,VoxPopuli,vox_ext_05,16000,767edcfdd461726ad650296288e42f582e7745bf85fcab281ad87f2fe0eee581,767edcfdd461726ad650296288e42f582e7745bf85fcab281ad87f2fe0eee581,0.992452085018158,0.89501953125,1,fake,0,FP,957aa8f3d607bb85c61f9a3778d5fdbd3c86422e8e5ca48b7f3789e82324d6f1
44,external_final_voxpopuli/real/vox_ext_05/vox_ext_05_004.wav,vox_ext_05_004.wav,0,real,VoxPopuli,vox_ext_05,16000,501e2142d7621e0261c8b223d834284c9966074193f6d8294e1645b4a18a02c7,501e2142d7621e0261c8b223d834284c9966074193f6d8294e1645b4a18a02c7,0.9992848038673401,0.89501953125,1,fake,0,FP,957aa8f3d607bb85c61f9a3778d5fdbd3c86422e8e5ca48b7f3789e82324d6f1
45,external_final_voxpopuli/real/vox_ext_05/vox_ext_05_005.wav,vox_ext_05_005.wav,0,real,VoxPopuli,vox_ext_05,16000,3f23c5b89b01ffeebccc4fc7d97dc39462909383902727419c98419c62a9d811,3f23c5b89b01ffeebccc4fc7d97dc39462909383902727419c98419c62a9d811,0.9983320832252502,0.89501953125,1,fake,0,FP,957aa8f3d607bb85c61f9a3778d5fdbd3c86422e8e5ca48b7f3789e82324d6f1
46,external_final_voxpopuli/real/vox_ext_05/vox_ext_05_006.wav,vox_ext_05_006.wav,0,real,VoxPopuli,vox_ext_05,16000,5b7d2a8c6a42821d2bf1badf4a0eff00f27e0f70223702d2e406c6b6a23f0d8e,5b7d2a8c6a42821d2bf1badf4a0eff00f27e0f70223702d2e406c6b6a23f0d8e,0.0004044814850203693,0.89501953125,0,real,1,,957aa8f3d607bb85c61f9a3778d5fdbd3c86422e8e5ca48b7f3789e82324d6f1
47,external_final_voxpopuli/real/vox_ext_05/vox_ext_05_007.wav,vox_ext_05_007.wav,0,real,VoxPopuli,vox_ext_05,16000,b51f273a33d5d16217d4b1032163c4ab542bb62ccea8289cbbe723d8a7db89ea,b51f273a33d5d16217d4b1032163c4ab542bb62ccea8289cbbe723d8a7db89ea,0.9993461966514587,0.89501953125,1,fake,0,FP,957aa8f3d607bb85c61f9a3778d5fdbd3c86422e8e5ca48b7f3789e82324d6f1
48,external_final_voxpopuli/real/vox_ext_05/vox_ext_05_008.wav,vox_ext_05_008.wav,0,real,VoxPopuli,vox_ext_05,16000,f20bfce90f8202a92f3fddef1158fe9a5a7fe07fd6b759082c123f0e4d7067f1,f20bfce90f8202a92f3fddef1158fe9a5a7fe07fd6b759082c123f0e4d7067f1,0.998364269733429,0.89501953125,1,fake,0,FP,957aa8f3d607bb85c61f9a3778d5fdbd3c86422e8e5ca48b7f3789e82324d6f1
49,external_final_voxpopuli/real/vox_ext_05/vox_ext_05_009.wav,vox_ext_05_009.wav,0,real,VoxPopuli,vox_ext_05,16000,4bccd1438bfc58a6c6ae7b0c85ef81ff22ca83b67f73361e594504e874173d9e,4bccd1438bfc58a6c6ae7b0c85ef81ff22ca83b67f73361e594504e874173d9e,0.9989596605300903,0.89501953125,1,fake,0,FP,957aa8f3d607bb85c61f9a3778d5fdbd3c86422e8e5ca48b7f3789e82324d6f1
50,external_final_voxpopuli/real/vox_ext_05/vox_ext_05_010.wav,vox_ext_05_010.wav,0,real,VoxPopuli,vox_ext_05,16000,aeba647606d3ed554abbbd9468bd6833defaa8f6bba87ffadbd41e01b8ed0dc9,aeba647606d3ed554abbbd9468bd6833defaa8f6bba87ffadbd41e01b8ed0dc9,0.996249258518219,0.89501953125,1,fake,0,FP,957aa8f3d607bb85c61f9a3778d5fdbd3c86422e8e5ca48b7f3789e82324d6f1
51,external_final_voxpopuli/real/vox_ext_06/vox_ext_06_001.wav,vox_ext_06_001.wav,0,real,VoxPopuli,vox_ext_06,16000,0284813e38cb3d1d611349777723c8c63ee72e73e4a198da7c01c7b8b9fc6650,0284813e38cb3d1d611349777723c8c63ee72e73e4a198da7c01c7b8b9fc6650,0.9827572107315063,0.89501953125,1,fake,0,FP,957aa8f3d607bb85c61f9a3778d5fdbd3c86422e8e5ca48b7f3789e82324d6f1
52,external_final_voxpopuli/real/vox_ext_06/vox_ext_06_002.wav,vox_ext_06_002.wav,0,real,VoxPopuli,vox_ext_06,16000,a111275665c4c70f92f5e7ef0aba95961f27d3b47f63ec7092eb14b47a964cb8,a111275665c4c70f92f5e7ef0aba95961f27d3b47f63ec7092eb14b47a964cb8,0.5422876477241516,0.89501953125,0,real,1,,957aa8f3d607bb85c61f9a3778d5fdbd3c86422e8e5ca48b7f3789e82324d6f1
53,external_final_voxpopuli/real/vox_ext_06/vox_ext_06_003.wav,vox_ext_06_003.wav,0,real,VoxPopuli,vox_ext_06,16000,cde38a16c5dfaf5ab65ba9af5ed51f163136a368fd0be7d1d6c88ce65517c829,cde38a16c5dfaf5ab65ba9af5ed51f163136a368fd0be7d1d6c88ce65517c829,0.9995290040969849,0.89501953125,1,fake,0,FP,957aa8f3d607bb85c61f9a3778d5fdbd3c86422e8e5ca48b7f3789e82324d6f1
54,external_final_voxpopuli/real/vox_ext_06/vox_ext_06_004.wav,vox_ext_06_004.wav,0,real,VoxPopuli,vox_ext_06,16000,588f14a4f147786af3214dba784c2e0f276f98135799e7e5325b3ac9363a2bee,588f14a4f147786af3214dba784c2e0f276f98135799e7e5325b3ac9363a2bee,7.722192094661295e-05,0.89501953125,0,real,1,,957aa8f3d607bb85c61f9a3778d5fdbd3c86422e8e5ca48b7f3789e82324d6f1
55,external_final_voxpopuli/real/vox_ext_06/vox_ext_06_005.wav,vox_ext_06_005.wav,0,real,VoxPopuli,vox_ext_06,16000,c6e2243d14caca773bed4dbccfe3562f516fd4a9915a349543afce92ee15b24a,c6e2243d14caca773bed4dbccfe3562f516fd4a9915a349543afce92ee15b24a,0.9617499113082886,0.89501953125,1,fake,0,FP,957aa8f3d607bb85c61f9a3778d5fdbd3c86422e8e5ca48b7f3789e82324d6f1
56,external_final_voxpopuli/real/vox_ext_06/vox_ext_06_006.wav,vox_ext_06_006.wav,0,real,VoxPopuli,vox_ext_06,16000,a14c9e51d4a2e5ae4c91c95fa05e94b22cb1785c295ce36c8eadc2409e7496e3,a14c9e51d4a2e5ae4c91c95fa05e94b22cb1785c295ce36c8eadc2409e7496e3,0.9959771037101746,0.89501953125,1,fake,0,FP,957aa8f3d607bb85c61f9a3778d5fdbd3c86422e8e5ca48b7f3789e82324d6f1
57,external_final_voxpopuli/real/vox_ext_06/vox_ext_06_007.wav,vox_ext_06_007.wav,0,real,VoxPopuli,vox_ext_06,16000,d26c0b154cfb16880613135817b17a0fe7394892f24bd8a624a55e67c028af88,d26c0b154cfb16880613135817b17a0fe7394892f24bd8a624a55e67c028af88,0.996249258518219,0.89501953125,1,fake,0,FP,957aa8f3d607bb85c61f9a3778d5fdbd3c86422e8e5ca48b7f3789e82324d6f1
58,external_final_voxpopuli/real/vox_ext_06/vox_ext_06_008.wav,vox_ext_06_008.wav,0,real,VoxPopuli,vox_ext_06,16000,2c51aa2668d333e1c7bc013ff47d7de10d7e491869c2d3aa8082fa211cab5f71,2c51aa2668d333e1c7bc013ff47d7de10d7e491869c2d3aa8082fa211cab5f71,0.9997933506965637,0.89501953125,1,fake,0,FP,957aa8f3d607bb85c61f9a3778d5fdbd3c86422e8e5ca48b7f3789e82324d6f1
59,external_final_voxpopuli/real/vox_ext_06/vox_ext_06_009.wav,vox_ext_06_009.wav,0,real,VoxPopuli,vox_ext_06,16000,cf502e3dd5017636aa9d07a1123d013b7c738386062cf47b08afb6ae1547f101,cf502e3dd5017636aa9d07a1123d013b7c738386062cf47b08afb6ae1547f101,0.17752550542354584,0.89501953125,0,real,1,,957aa8f3d607bb85c61f9a3778d5fdbd3c86422e8e5ca48b7f3789e82324d6f1
60,external_final_voxpopuli/real/vox_ext_06/vox_ext_06_010.wav,vox_ext_06_010.wav,0,real,VoxPopuli,vox_ext_06,16000,e4175872905d830452a21704b9b562efaf85dd4640a756432d3ac791940c7c4a,e4175872905d830452a21704b9b562efaf85dd4640a756432d3ac791940c7c4a,0.9830850958824158,0.89501953125,1,fake,0,FP,957aa8f3d607bb85c61f9a3778d5fdbd3c86422e8e5ca48b7f3789e82324d6f1
61,external_final_voxpopuli/real/vox_ext_07/vox_ext_07_001.wav,vox_ext_07_001.wav,0,real,VoxPopuli,vox_ext_07,16000,387499e1c1afcf7f48ad281691a165b16f159d8928c4d458f11501cad0c5ef3f,387499e1c1afcf7f48ad281691a165b16f159d8928c4d458f11501cad0c5ef3f,0.9728307723999023,0.89501953125,1,fake,0,FP,957aa8f3d607bb85c61f9a3778d5fdbd3c86422e8e5ca48b7f3789e82324d6f1
62,external_final_voxpopuli/real/vox_ext_07/vox_ext_07_002.wav,vox_ext_07_002.wav,0,real,VoxPopuli,vox_ext_07,16000,f48634cbb6baa22465939e670aa6fd02551ba7a9470dcef99368dfe47f8d90e7,f48634cbb6baa22465939e670aa6fd02551ba7a9470dcef99368dfe47f8d90e7,0.9981030225753784,0.89501953125,1,fake,0,FP,957aa8f3d607bb85c61f9a3778d5fdbd3c86422e8e5ca48b7f3789e82324d6f1
63,external_final_voxpopuli/real/vox_ext_07/vox_ext_07_003.wav,vox_ext_07_003.wav,0,real,VoxPopuli,vox_ext_07,16000,0aa5724d81629aa921e70b92c71ab9941194c040d12be5039fd833c58a0fba62,0aa5724d81629aa921e70b92c71ab9941194c040d12be5039fd833c58a0fba62,0.9710193276405334,0.89501953125,1,fake,0,FP,957aa8f3d607bb85c61f9a3778d5fdbd3c86422e8e5ca48b7f3789e82324d6f1
64,external_final_voxpopuli/real/vox_ext_07/vox_ext_07_004.wav,vox_ext_07_004.wav,0,real,VoxPopuli,vox_ext_07,16000,45180d8dea3b8ccc3ad8a88893e6edd12c85755a9cb5e2323b3ed1b18da5f15b,45180d8dea3b8ccc3ad8a88893e6edd12c85755a9cb5e2323b3ed1b18da5f15b,0.9844563603401184,0.89501953125,1,fake,0,FP,957aa8f3d607bb85c61f9a3778d5fdbd3c86422e8e5ca48b7f3789e82324d6f1
65,external_final_voxpopuli/real/vox_ext_07/vox_ext_07_005.wav,vox_ext_07_005.wav,0,real,VoxPopuli,vox_ext_07,16000,d380326668e0a13a4e7411b8e63ff1512c1c97c3765f50a40380edc2532bfa74,d380326668e0a13a4e7411b8e63ff1512c1c97c3765f50a40380edc2532bfa74,0.9968763589859009,0.89501953125,1,fake,0,FP,957aa8f3d607bb85c61f9a3778d5fdbd3c86422e8e5ca48b7f3789e82324d6f1
66,external_final_voxpopuli/real/vox_ext_07/vox_ext_07_006.wav,vox_ext_07_006.wav,0,real,VoxPopuli,vox_ext_07,16000,6abc6d4cbfe220e7adf2ab3cfea8ac73ebfbfcbe459c210a60549df1c2470183,6abc6d4cbfe220e7adf2ab3cfea8ac73ebfbfcbe459c210a60549df1c2470183,2.1144733963751605e-08,0.89501953125,0,real,1,,957aa8f3d607bb85c61f9a3778d5fdbd3c86422e8e5ca48b7f3789e82324d6f1
67,external_final_voxpopuli/real/vox_ext_07/vox_ext_07_007.wav,vox_ext_07_007.wav,0,real,VoxPopuli,vox_ext_07,16000,4b6381d9064bccb425e1c66de6f325a1f0c2f5cf85274cb3c5db43bd1ce78251,4b6381d9064bccb425e1c66de6f325a1f0c2f5cf85274cb3c5db43bd1ce78251,0.9996672868728638,0.89501953125,1,fake,0,FP,957aa8f3d607bb85c61f9a3778d5fdbd3c86422e8e5ca48b7f3789e82324d6f1
68,external_final_voxpopuli/real/vox_ext_07/vox_ext_07_008.wav,vox_ext_07_008.wav,0,real,VoxPopuli,vox_ext_07,16000,00fa9d69b77126ae34c9978d49f380a59d2eefd11c0b2cf1e39b2e53230867f1,00fa9d69b77126ae34c9978d49f380a59d2eefd11c0b2cf1e39b2e53230867f1,0.003285833168774843,0.89501953125,0,real,1,,957aa8f3d607bb85c61f9a3778d5fdbd3c86422e8e5ca48b7f3789e82324d6f1
69,external_final_voxpopuli/real/vox_ext_07/vox_ext_07_009.wav,vox_ext_07_009.wav,0,real,VoxPopuli,vox_ext_07,16000,942fff73afc74eb3db91223c2e4aa215d5d38232ce08cd6512fa0eedd35c0aa1,942fff73afc74eb3db91223c2e4aa215d5d38232ce08cd6512fa0eedd35c0aa1,0.9959771037101746,0.89501953125,1,fake,0,FP,957aa8f3d607bb85c61f9a3778d5fdbd3c86422e8e5ca48b7f3789e82324d6f1
70,external_final_voxpopuli/real/vox_ext_07/vox_ext_07_010.wav,vox_ext_07_010.wav,0,real,VoxPopuli,vox_ext_07,16000,4477ba70644f75cafbfb698dc6cb89d57d203c8831d2d257b18683e269cc4778,4477ba70644f75cafbfb698dc6cb89d57d203c8831d2d257b18683e269cc4778,2.902311962316162e-06,0.89501953125,0,real,1,,957aa8f3d607bb85c61f9a3778d5fdbd3c86422e8e5ca48b7f3789e82324d6f1
71,external_final_voxpopuli/real/vox_ext_08/vox_ext_08_001.wav,vox_ext_08_001.wav,0,real,VoxPopuli,vox_ext_08,16000,c52b040757552df2a95f1db983c90b9b8790019839ffca1cbef11274c03ce932,c52b040757552df2a95f1db983c90b9b8790019839ffca1cbef11274c03ce932,0.004101929254829884,0.89501953125,0,real,1,,957aa8f3d607bb85c61f9a3778d5fdbd3c86422e8e5ca48b7f3789e82324d6f1
72,external_final_voxpopuli/real/vox_ext_08/vox_ext_08_002.wav,vox_ext_08_002.wav,0,real,VoxPopuli,vox_ext_08,16000,95d0d139aef388b8013238e19312afc39cb085ee396f01d7be027a43438792b5,95d0d139aef388b8013238e19312afc39cb085ee396f01d7be027a43438792b5,0.4443236291408539,0.89501953125,0,real,1,,957aa8f3d607bb85c61f9a3778d5fdbd3c86422e8e5ca48b7f3789e82324d6f1
73,external_final_voxpopuli/real/vox_ext_08/vox_ext_08_003.wav,vox_ext_08_003.wav,0,real,VoxPopuli,vox_ext_08,16000,2d82800061a520a51ac58e08d7f9b56490a75ec3fd6bf1341834f81a977f2822,2d82800061a520a51ac58e08d7f9b56490a75ec3fd6bf1341834f81a977f2822,0.289572536945343,0.89501953125,0,real,1,,957aa8f3d607bb85c61f9a3778d5fdbd3c86422e8e5ca48b7f3789e82324d6f1
74,external_final_voxpopuli/real/vox_ext_08/vox_ext_08_004.wav,vox_ext_08_004.wav,0,real,VoxPopuli,vox_ext_08,16000,b2652b1c9f9a8129f9a0b1b6fc991b50e4e3cba0d70fa882cf5b4faff0a770ff,b2652b1c9f9a8129f9a0b1b6fc991b50e4e3cba0d70fa882cf5b4faff0a770ff,0.008610767312347889,0.89501953125,0,real,1,,957aa8f3d607bb85c61f9a3778d5fdbd3c86422e8e5ca48b7f3789e82324d6f1
75,external_final_voxpopuli/real/vox_ext_08/vox_ext_08_005.wav,vox_ext_08_005.wav,0,real,VoxPopuli,vox_ext_08,16000,41ca99d698fb8c1557b080ce7413f8dea2ddffbc25998daddf96476548f153b8,41ca99d698fb8c1557b080ce7413f8dea2ddffbc25998daddf96476548f153b8,0.001052568550221622,0.89501953125,0,real,1,,957aa8f3d607bb85c61f9a3778d5fdbd3c86422e8e5ca48b7f3789e82324d6f1
76,external_final_voxpopuli/real/vox_ext_08/vox_ext_08_006.wav,vox_ext_08_006.wav,0,real,VoxPopuli,vox_ext_08,16000,47eefc8c80b98a1c8ddc8866093eb6f8c73d1f121ac5f6d71cd2ee62539b7d59,47eefc8c80b98a1c8ddc8866093eb6f8c73d1f121ac5f6d71cd2ee62539b7d59,0.39024344086647034,0.89501953125,0,real,1,,957aa8f3d607bb85c61f9a3778d5fdbd3c86422e8e5ca48b7f3789e82324d6f1
77,external_final_voxpopuli/real/vox_ext_08/vox_ext_08_007.wav,vox_ext_08_007.wav,0,real,VoxPopuli,vox_ext_08,16000,7e93882a0b97d61c2c5bb6d222635e0cae58811b57cefa98f96c686f6ba27265,7e93882a0b97d61c2c5bb6d222635e0cae58811b57cefa98f96c686f6ba27265,0.01901443488895893,0.89501953125,0,real,1,,957aa8f3d607bb85c61f9a3778d5fdbd3c86422e8e5ca48b7f3789e82324d6f1
78,external_final_voxpopuli/real/vox_ext_08/vox_ext_08_008.wav,vox_ext_08_008.wav,0,real,VoxPopuli,vox_ext_08,16000,624348d9f9e66c096503f2e9e6baf4703888e470e83c64b1bc64ffd0f30d8425,624348d9f9e66c096503f2e9e6baf4703888e470e83c64b1bc64ffd0f30d8425,0.8019358515739441,0.89501953125,0,real,1,,957aa8f3d607bb85c61f9a3778d5fdbd3c86422e8e5ca48b7f3789e82324d6f1
79,external_final_voxpopuli/real/vox_ext_08/vox_ext_08_009.wav,vox_ext_08_009.wav,0,real,VoxPopuli,vox_ext_08,16000,e17d3b0f0a9ec5927897e28a08559f0bdd5d92e860ed5a332ee00166563a70ad,e17d3b0f0a9ec5927897e28a08559f0bdd5d92e860ed5a332ee00166563a70ad,8.233248394162729e-08,0.89501953125,0,real,1,,957aa8f3d607bb85c61f9a3778d5fdbd3c86422e8e5ca48b7f3789e82324d6f1
80,external_final_voxpopuli/real/vox_ext_08/vox_ext_08_010.wav,vox_ext_08_010.wav,0,real,VoxPopuli,vox_ext_08,16000,072b3bf3d43e1c78cf60d27366a24fef81db7a67d002758a0e692c6a59d13e94,072b3bf3d43e1c78cf60d27366a24fef81db7a67d002758a0e692c6a59d13e94,0.8800774812698364,0.89501953125,0,real,1,,957aa8f3d607bb85c61f9a3778d5fdbd3c86422e8e5ca48b7f3789e82324d6f1
81,external_final_voxpopuli/real/vox_ext_09/vox_ext_09_001.wav,vox_ext_09_001.wav,0,real,VoxPopuli,vox_ext_09,16000,34c0ddb2a04e2d8934c07a4137d339100c733ea70e996826e3704bbb5355a1a6,34c0ddb2a04e2d8934c07a4137d339100c733ea70e996826e3704bbb5355a1a6,0.9990302324295044,0.89501953125,1,fake,0,FP,957aa8f3d607bb85c61f9a3778d5fdbd3c86422e8e5ca48b7f3789e82324d6f1
82,external_final_voxpopuli/real/vox_ext_09/vox_ext_09_002.wav,vox_ext_09_002.wav,0,real,VoxPopuli,vox_ext_09,16000,90a7a2e9fe05ba6741ab97bb0471849b67ca390609074e0692fd19793fc4c9b7,90a7a2e9fe05ba6741ab97bb0471849b67ca390609074e0692fd19793fc4c9b7,0.9844563603401184,0.89501953125,1,fake,0,FP,957aa8f3d607bb85c61f9a3778d5fdbd3c86422e8e5ca48b7f3789e82324d6f1
83,external_final_voxpopuli/real/vox_ext_09/vox_ext_09_003.wav,vox_ext_09_003.wav,0,real,VoxPopuli,vox_ext_09,16000,c77dd0ffe0fb7d0f752843bd25fce40e0bc0b12c9a7373a95b284d0659295bc0,c77dd0ffe0fb7d0f752843bd25fce40e0bc0b12c9a7373a95b284d0659295bc0,0.9967523813247681,0.89501953125,1,fake,0,FP,957aa8f3d607bb85c61f9a3778d5fdbd3c86422e8e5ca48b7f3789e82324d6f1
84,external_final_voxpopuli/real/vox_ext_09/vox_ext_09_004.wav,vox_ext_09_004.wav,0,real,VoxPopuli,vox_ext_09,16000,1f2d0db4639c51ab7c949074c0a6df70b3d815a7743d1b1f37fedf9770872625,1f2d0db4639c51ab7c949074c0a6df70b3d815a7743d1b1f37fedf9770872625,0.9600626826286316,0.89501953125,1,fake,0,FP,957aa8f3d607bb85c61f9a3778d5fdbd3c86422e8e5ca48b7f3789e82324d6f1
85,external_final_voxpopuli/real/vox_ext_09/vox_ext_09_005.wav,vox_ext_09_005.wav,0,real,VoxPopuli,vox_ext_09,16000,bf3a23dd4d3571737ed6dd0e5f209c860195894a9c962f2e06f62f3dcaba6d33,bf3a23dd4d3571737ed6dd0e5f209c860195894a9c962f2e06f62f3dcaba6d33,0.9929336309432983,0.89501953125,1,fake,0,FP,957aa8f3d607bb85c61f9a3778d5fdbd3c86422e8e5ca48b7f3789e82324d6f1
86,external_final_voxpopuli/real/vox_ext_09/vox_ext_09_006.wav,vox_ext_09_006.wav,0,real,VoxPopuli,vox_ext_09,16000,3de70f9f1e7e28672aa60643c10c7dcd6e074e9e051df1118f86ba74651ebf9f,3de70f9f1e7e28672aa60643c10c7dcd6e074e9e051df1118f86ba74651ebf9f,0.983020007610321,0.89501953125,1,fake,0,FP,957aa8f3d607bb85c61f9a3778d5fdbd3c86422e8e5ca48b7f3789e82324d6f1
87,external_final_voxpopuli/real/vox_ext_09/vox_ext_09_007.wav,vox_ext_09_007.wav,0,real,VoxPopuli,vox_ext_09,16000,7118e6d3ec35f87d38bf15dd147cce95e799c4bbd40d1c6227c6df4e77241c90,7118e6d3ec35f87d38bf15dd147cce95e799c4bbd40d1c6227c6df4e77241c90,0.9994621872901917,0.89501953125,1,fake,0,FP,957aa8f3d607bb85c61f9a3778d5fdbd3c86422e8e5ca48b7f3789e82324d6f1
88,external_final_voxpopuli/real/vox_ext_09/vox_ext_09_008.wav,vox_ext_09_008.wav,0,real,VoxPopuli,vox_ext_09,16000,7ca2857775328f2442b3f91637f6e2184b626ba66151628514710301ed7fa4a0,7ca2857775328f2442b3f91637f6e2184b626ba66151628514710301ed7fa4a0,0.995718777179718,0.89501953125,1,fake,0,FP,957aa8f3d607bb85c61f9a3778d5fdbd3c86422e8e5ca48b7f3789e82324d6f1
89,external_final_voxpopuli/real/vox_ext_09/vox_ext_09_009.wav,vox_ext_09_009.wav,0,real,VoxPopuli,vox_ext_09,16000,cb10a3f41214f8b02f57e53b343f3ad31785ef0d9b80d684da3e86194fa48cea,cb10a3f41214f8b02f57e53b343f3ad31785ef0d9b80d684da3e86194fa48cea,0.9859904050827026,0.89501953125,1,fake,0,FP,957aa8f3d607bb85c61f9a3778d5fdbd3c86422e8e5ca48b7f3789e82324d6f1
90,external_final_voxpopuli/real/vox_ext_09/vox_ext_09_010.wav,vox_ext_09_010.wav,0,real,VoxPopuli,vox_ext_09,16000,62ac329caab65b52ae10d70a7f7157b401867a6184a90102f2f71fb22a9fbbba,62ac329caab65b52ae10d70a7f7157b401867a6184a90102f2f71fb22a9fbbba,0.9901019334793091,0.89501953125,1,fake,0,FP,957aa8f3d607bb85c61f9a3778d5fdbd3c86422e8e5ca48b7f3789e82324d6f1
91,external_final_voxpopuli/real/vox_ext_10/vox_ext_10_001.wav,vox_ext_10_001.wav,0,real,VoxPopuli,vox_ext_10,16000,7518ace41520687f276e348f6456e6bbeda2696d1e81942d17a9494938d651c4,7518ace41520687f276e348f6456e6bbeda2696d1e81942d17a9494938d651c4,0.9987648725509644,0.89501953125,1,fake,0,FP,957aa8f3d607bb85c61f9a3778d5fdbd3c86422e8e5ca48b7f3789e82324d6f1
92,external_final_voxpopuli/real/vox_ext_10/vox_ext_10_002.wav,vox_ext_10_002.wav,0,real,VoxPopuli,vox_ext_10,16000,5bde7d7ce111fbc7bf9ac1074efb7c13e858cbb7c9871f8a75cfc02d5ddba670,5bde7d7ce111fbc7bf9ac1074efb7c13e858cbb7c9871f8a75cfc02d5ddba670,0.9906600117683411,0.89501953125,1,fake,0,FP,957aa8f3d607bb85c61f9a3778d5fdbd3c86422e8e5ca48b7f3789e82324d6f1
93,external_final_voxpopuli/real/vox_ext_10/vox_ext_10_003.wav,vox_ext_10_003.wav,0,real,VoxPopuli,vox_ext_10,16000,deea152989a70a429852c176730deaedcd46743a8807ff23e0baa949305c0262,deea152989a70a429852c176730deaedcd46743a8807ff23e0baa949305c0262,7.614510622033777e-08,0.89501953125,0,real,1,,957aa8f3d607bb85c61f9a3778d5fdbd3c86422e8e5ca48b7f3789e82324d6f1
94,external_final_voxpopuli/real/vox_ext_10/vox_ext_10_004.wav,vox_ext_10_004.wav,0,real,VoxPopuli,vox_ext_10,16000,8c7fea96e3cb7126e10b41dc6516914b1f9b5b9ad307ef22e753ecd0e03277e6,8c7fea96e3cb7126e10b41dc6516914b1f9b5b9ad307ef22e753ecd0e03277e6,0.9977127313613892,0.89501953125,1,fake,0,FP,957aa8f3d607bb85c61f9a3778d5fdbd3c86422e8e5ca48b7f3789e82324d6f1
95,external_final_voxpopuli/real/vox_ext_10/vox_ext_10_005.wav,vox_ext_10_005.wav,0,real,VoxPopuli,vox_ext_10,16000,7e1abf1b2ff5cbb8a9a2e0b828dbcaa5210555d2bb26a9adef7e73eb770f7f4a,7e1abf1b2ff5cbb8a9a2e0b828dbcaa5210555d2bb26a9adef7e73eb770f7f4a,0.9998977184295654,0.89501953125,1,fake,0,FP,957aa8f3d607bb85c61f9a3778d5fdbd3c86422e8e5ca48b7f3789e82324d6f1
96,external_final_voxpopuli/real/vox_ext_10/vox_ext_10_006.wav,vox_ext_10_006.wav,0,real,VoxPopuli,vox_ext_10,16000,ea8339f1a90f3826cc76a8d7054b4682a1abced9954c7c94cdc3be7b1788f68b,ea8339f1a90f3826cc76a8d7054b4682a1abced9954c7c94cdc3be7b1788f68b,0.9995971322059631,0.89501953125,1,fake,0,FP,957aa8f3d607bb85c61f9a3778d5fdbd3c86422e8e5ca48b7f3789e82324d6f1
97,external_final_voxpopuli/real/vox_ext_10/vox_ext_10_007.wav,vox_ext_10_007.wav,0,real,VoxPopuli,vox_ext_10,16000,517f7cf1dabacffe6f4556f55f88953e724ce18d703b7ab38ab0f68aea680543,517f7cf1dabacffe6f4556f55f88953e724ce18d703b7ab38ab0f68aea680543,1.788064537322498e-06,0.89501953125,0,real,1,,957aa8f3d607bb85c61f9a3778d5fdbd3c86422e8e5ca48b7f3789e82324d6f1
98,external_final_voxpopuli/real/vox_ext_10/vox_ext_10_008.wav,vox_ext_10_008.wav,0,real,VoxPopuli,vox_ext_10,16000,1c4f44d0b14f497acd7fae940031b104b43421d579856f22235c353fd2bf5c6d,1c4f44d0b14f497acd7fae940031b104b43421d579856f22235c353fd2bf5c6d,0.9992591738700867,0.89501953125,1,fake,0,FP,957aa8f3d607bb85c61f9a3778d5fdbd3c86422e8e5ca48b7f3789e82324d6f1
99,external_final_voxpopuli/real/vox_ext_10/vox_ext_10_009.wav,vox_ext_10_009.wav,0,real,VoxPopuli,vox_ext_10,16000,5242f9ffedc5fc6f7efcc4f25a6642e9ed8956d43d68e5e7f6be392903f42735,5242f9ffedc5fc6f7efcc4f25a6642e9ed8956d43d68e5e7f6be392903f42735,0.9912548065185547,0.89501953125,1,fake,0,FP,957aa8f3d607bb85c61f9a3778d5fdbd3c86422e8e5ca48b7f3789e82324d6f1
100,external_final_voxpopuli/real/vox_ext_10/vox_ext_10_010.wav,vox_ext_10_010.wav,0,real,VoxPopuli,vox_ext_10,16000,7cde46046381d83c815a9814b73e95bfa6a9270b328d2a88649b6a0f4eb3d1e0,7cde46046381d83c815a9814b73e95bfa6a9270b328d2a88649b6a0f4eb3d1e0,0.9941800832748413,0.89501953125,1,fake,0,FP,957aa8f3d607bb85c61f9a3778d5fdbd3c86422e8e5ca48b7f3789e82324d6f1
101,external_final_fake/fake/rvc/rvc_001.wav,rvc_001.wav,1,fake,RVC,0,40000,913ce9e1ad3eb1c764fe18c00620009393204f83b6d59f4fc5b82b0ad573572f,80ceb33557a7ea884c0988742f62af304ca5a6b28ffa2c89c6a8568a41bd311d,0.587824821472168,0.89501953125,0,real,0,FN,957aa8f3d607bb85c61f9a3778d5fdbd3c86422e8e5ca48b7f3789e82324d6f1
102,external_final_fake/fake/rvc/rvc_002.wav,rvc_002.wav,1,fake,RVC,0,40000,dd588a2f172e5894bf4bb68e08191645bb3089beeffd849374a06dc3a84caae4,0af29cfa4282af0db067623b39183a139fb6fdc5ddb4d881b45047e078962e8f,0.3312278985977173,0.89501953125,0,real,0,FN,957aa8f3d607bb85c61f9a3778d5fdbd3c86422e8e5ca48b7f3789e82324d6f1
103,external_final_fake/fake/rvc/rvc_003.wav,rvc_003.wav,1,fake,RVC,0,40000,88a2820ba744cf086136829d5813176f2ce643ea73d7153e0ab637c24b6fa3f3,1e6f7d1c2d21212f02a8ac8594b9334b990bd6fe29d300a2e09ef6719b7042c6,0.659624457359314,0.89501953125,0,real,0,FN,957aa8f3d607bb85c61f9a3778d5fdbd3c86422e8e5ca48b7f3789e82324d6f1
104,external_final_fake/fake/rvc/rvc_004.wav,rvc_004.wav,1,fake,RVC,0,40000,e50069f73a06d21b6678337cbc71c43fe1853a194fea4320b14742db486e1cb4,13a406aa52f3993d2ad1f6d6a217510b6058d4a67e356a74d06cb1e2b864e88e,0.9797453284263611,0.89501953125,1,fake,1,,957aa8f3d607bb85c61f9a3778d5fdbd3c86422e8e5ca48b7f3789e82324d6f1
105,external_final_fake/fake/rvc/rvc_005.wav,rvc_005.wav,1,fake,RVC,0,40000,c4c1839f222a864bbd459e6831ac880e2c0c391ae3194f8e0cbe65a140e60520,131959b5743c3b22ff2b60f82de2c0d7e0fad5f5f0b44faf49ec4449640696e6,0.8866168856620789,0.89501953125,0,real,0,FN,957aa8f3d607bb85c61f9a3778d5fdbd3c86422e8e5ca48b7f3789e82324d6f1
106,external_final_fake/fake/rvc/rvc_006.wav,rvc_006.wav,1,fake,RVC,0,40000,11533c1db781f45765679d3f541e16dedb5b7b61836881e8d43c8c71c18429a4,7c361f9e8e03a2f9d6e1cdd5b48fbcb685bc9c79fd919ccdd0018186592744ea,0.09170696139335632,0.89501953125,0,real,0,FN,957aa8f3d607bb85c61f9a3778d5fdbd3c86422e8e5ca48b7f3789e82324d6f1
107,external_final_fake/fake/rvc/rvc_007.wav,rvc_007.wav,1,fake,RVC,0,40000,18223df4b78a2e6c716f6d1892d543c5e2749b77ce222858ef73299900b38b9d,f8e4d7243be30211a88b1252c6f66ce806ae43641f2bb682f6e1ad551771342d,0.8942365646362305,0.89501953125,0,real,0,FN,957aa8f3d607bb85c61f9a3778d5fdbd3c86422e8e5ca48b7f3789e82324d6f1
108,external_final_fake/fake/rvc/rvc_008.wav,rvc_008.wav,1,fake,RVC,0,40000,26e38654935de9c6ef0456ca01e518ba0979246ca10f097b132c24836c2b825f,ed768b85f18e58822abfcfb7fc3c966c1b0c7208bf03b0c1823e25e575568525,0.9912885427474976,0.89501953125,1,fake,1,,957aa8f3d607bb85c61f9a3778d5fdbd3c86422e8e5ca48b7f3789e82324d6f1
109,external_final_fake/fake/rvc/rvc_009.wav,rvc_009.wav,1,fake,RVC,0,40000,03246ea692ec2a1bc7b203c757d789ddd2236e97ac9e59bf09528f164f96ba8a,7de335cefebd3d71cd2b659921c0957456d716955d222807d49eea77bc2681ca,0.929440438747406,0.89501953125,1,fake,1,,957aa8f3d607bb85c61f9a3778d5fdbd3c86422e8e5ca48b7f3789e82324d6f1
110,external_final_fake/fake/rvc/rvc_010.wav,rvc_010.wav,1,fake,RVC,0,40000,f869574fb468fe589338575d6b8a33031019e84f7bf6ad1b12031e7c06c3e1fa,31755d0c55e7c13a45fec0d9f62007c736360449553e6a0ac762da914157104a,0.9920926690101624,0.89501953125,1,fake,1,,957aa8f3d607bb85c61f9a3778d5fdbd3c86422e8e5ca48b7f3789e82324d6f1
111,external_final_fake/fake/rvc/rvc_011.wav,rvc_011.wav,1,fake,RVC,0,40000,f7af4b290c8ad52a09dfa7eb66532dbd715d742c0356540af197eced6cecfb76,931f552bdb8ede15f6737f134cab7d9d79b9114742b1b29a0266014c1b9ebf4a,0.9943360686302185,0.89501953125,1,fake,1,,957aa8f3d607bb85c61f9a3778d5fdbd3c86422e8e5ca48b7f3789e82324d6f1
112,external_final_fake/fake/rvc/rvc_012.wav,rvc_012.wav,1,fake,RVC,0,40000,b6d75b051ce369740b4cf7169e84195ab32052919854c7ea60e87b4072a51e27,bed64e6ddb65bb2f1b92d9bd45e8e35a930b4eca6d8732df0055790a81a0cab5,0.9909797310829163,0.89501953125,1,fake,1,,957aa8f3d607bb85c61f9a3778d5fdbd3c86422e8e5ca48b7f3789e82324d6f1
113,external_final_fake/fake/rvc/rvc_013.wav,rvc_013.wav,1,fake,RVC,0,40000,62e8976a7caeacaaa3893539d33f93eabffdaed8d9e352ab91100f823e43f797,b37a0896c15a55be70b68b0417f146da332e31717e295a263b6cadf1876b6518,0.9457011222839355,0.89501953125,1,fake,1,,957aa8f3d607bb85c61f9a3778d5fdbd3c86422e8e5ca48b7f3789e82324d6f1
114,external_final_fake/fake/rvc/rvc_014.wav,rvc_014.wav,1,fake,RVC,0,40000,f51461349c2e4256fcd2f68fa5af40f8e0000c4f3ba5033947a7879958dcedf6,91cd39c03936646303a5f779398492b2f9810ef53d15c420629970bb85356cbb,0.9315870404243469,0.89501953125,1,fake,1,,957aa8f3d607bb85c61f9a3778d5fdbd3c86422e8e5ca48b7f3789e82324d6f1
115,external_final_fake/fake/rvc/rvc_015.wav,rvc_015.wav,1,fake,RVC,0,40000,46cfdd81e573095dfe26c804de8c9983507ca2cde99c3b907af626b7884f96f9,292d991728f028dbe35e2fc5c54d661362082fabd6e8da09344448745a524614,0.793586254119873,0.89501953125,0,real,0,FN,957aa8f3d607bb85c61f9a3778d5fdbd3c86422e8e5ca48b7f3789e82324d6f1
116,external_final_fake/fake/rvc/rvc_016.wav,rvc_016.wav,1,fake,RVC,0,40000,065be722e5df044da63f5289d9a9f36521db0b820b38f4d75d130fedf65dfb74,72513ed349ce00efa8cbf9400c51e6a54846732e9af59aeff104985670ef7c33,0.0038996203802525997,0.89501953125,0,real,0,FN,957aa8f3d607bb85c61f9a3778d5fdbd3c86422e8e5ca48b7f3789e82324d6f1
117,external_final_fake/fake/rvc/rvc_017.wav,rvc_017.wav,1,fake,RVC,0,40000,e1497f6d3c8039cdd81b0594ca3064ca6900980340f8835da84afc8c28869513,86831cdabf927c480491e435042140891c45e531c59ae265cca103b19dfe1dfb,0.9700703024864197,0.89501953125,1,fake,1,,957aa8f3d607bb85c61f9a3778d5fdbd3c86422e8e5ca48b7f3789e82324d6f1
118,external_final_fake/fake/rvc/rvc_018.wav,rvc_018.wav,1,fake,RVC,0,40000,0bfbff737061f06520f4845628aac6c3316bbe8e6968a07b5d5237ac6c9f1705,1827ad04c1c22bd4622fecc6ccaab32518f8f5b03b326e88ace3ee53a0a2455b,0.9821512699127197,0.89501953125,1,fake,1,,957aa8f3d607bb85c61f9a3778d5fdbd3c86422e8e5ca48b7f3789e82324d6f1
119,external_final_fake/fake/rvc/rvc_019.wav,rvc_019.wav,1,fake,RVC,0,40000,c91bdacd8a7efbb553113c5f559026c6a950e12c4234b40a88d2b5c6ff8a277a,682fd33a49a78fa6c64d41e1f1fa8b321e4f87346d9869bee1e009b420ef92d3,0.9924227595329285,0.89501953125,1,fake,1,,957aa8f3d607bb85c61f9a3778d5fdbd3c86422e8e5ca48b7f3789e82324d6f1
120,external_final_fake/fake/rvc/rvc_020.wav,rvc_020.wav,1,fake,RVC,0,40000,847736e4c55605829c892d8d3223c9bb2863d4d9ffaf62afb35507424ef9f48c,24b7a445bc604c229f163b996e1304fc8332503b89ad4c459229962168def57e,0.9925969839096069,0.89501953125,1,fake,1,,957aa8f3d607bb85c61f9a3778d5fdbd3c86422e8e5ca48b7f3789e82324d6f1
121,external_final_fake/fake/qwen/qwen_001.wav,qwen_001.wav,1,fake,Qwen3-TTS,vox_ext_01,24000,7fbe57f2da17d816ef437aff08a30d7035ec190bff24584ccf8e39a9db437392,1e4f090bc696adbc9930caf736addf6a8cfc94e4f20d82b5083169db170e86cc,0.12808825075626373,0.89501953125,0,real,0,FN,957aa8f3d607bb85c61f9a3778d5fdbd3c86422e8e5ca48b7f3789e82324d6f1
122,external_final_fake/fake/qwen/qwen_002.wav,qwen_002.wav,1,fake,Qwen3-TTS,vox_ext_01,24000,6616c6ce1ffe9f29d120ed345985d70e159fb9230734cfac9e92aff8b3c8c2c6,5c1e1358851744c4b4fe0bcca65df455bb0b62fc39f6d76ab81d4574d39db241,0.0014214044203981757,0.89501953125,0,real,0,FN,957aa8f3d607bb85c61f9a3778d5fdbd3c86422e8e5ca48b7f3789e82324d6f1
123,external_final_fake/fake/qwen/qwen_003.wav,qwen_003.wav,1,fake,Qwen3-TTS,vox_ext_02,24000,7810411ad29bd73d25d5def8cb83d2aa598707060bb44d1b0618492002418389,17c9289271d8d017dc2602877af6958d21e2fc086bec955b85b5e32eb1822d41,0.9994230270385742,0.89501953125,1,fake,1,,957aa8f3d607bb85c61f9a3778d5fdbd3c86422e8e5ca48b7f3789e82324d6f1
124,external_final_fake/fake/qwen/qwen_004.wav,qwen_004.wav,1,fake,Qwen3-TTS,vox_ext_02,24000,5403d739e4ee99c79b72443d066c4903ff6a36e5d5242d8a696214e7327ce63c,b5833ef7fdc85876bad87fae63663c2f1cbbf9f81122622ec550cff522cf3c47,0.9956005811691284,0.89501953125,1,fake,1,,957aa8f3d607bb85c61f9a3778d5fdbd3c86422e8e5ca48b7f3789e82324d6f1
125,external_final_fake/fake/qwen/qwen_005.wav,qwen_005.wav,1,fake,Qwen3-TTS,vox_ext_03,24000,c201e51524bf0c3b0041d9a862ef0607e60c949da86741d9b422411e61053330,8cdf7e3aad373c9bf41803f314cbfe63e3117f5f32fa6b3f4625fc5ab40d2cbe,0.9960391521453857,0.89501953125,1,fake,1,,957aa8f3d607bb85c61f9a3778d5fdbd3c86422e8e5ca48b7f3789e82324d6f1
126,external_final_fake/fake/qwen/qwen_006.wav,qwen_006.wav,1,fake,Qwen3-TTS,vox_ext_03,24000,779873c408008a287d0130ff8641d69599353e7a4635909ce7268d158c8899c7,644c0e59146059fbc1346cfee55dfdcbda6522d16c1f97aca75fb329dbbc97fc,0.9994162321090698,0.89501953125,1,fake,1,,957aa8f3d607bb85c61f9a3778d5fdbd3c86422e8e5ca48b7f3789e82324d6f1
127,external_final_fake/fake/qwen/qwen_007.wav,qwen_007.wav,1,fake,Qwen3-TTS,vox_ext_04,24000,0a943fb2640d29e0f4f5a341376e000ba90667cc4b60ffee34535ebd95aa8094,a9bbb384a71947e5a85134dd8af0075c56b561cf59956397578aec1dd7aa5264,0.999652624130249,0.89501953125,1,fake,1,,957aa8f3d607bb85c61f9a3778d5fdbd3c86422e8e5ca48b7f3789e82324d6f1
128,external_final_fake/fake/qwen/qwen_008.wav,qwen_008.wav,1,fake,Qwen3-TTS,vox_ext_04,24000,39ed68aa192dbe0a71f9b1338932e53110723e36274894cbed420b7ed8ea5990,9af46ea7f3c201cc7e89d673b497307298eff23beb4f4acd260a6c7bfdd5eabc,0.9971216320991516,0.89501953125,1,fake,1,,957aa8f3d607bb85c61f9a3778d5fdbd3c86422e8e5ca48b7f3789e82324d6f1
129,external_final_fake/fake/qwen/qwen_009.wav,qwen_009.wav,1,fake,Qwen3-TTS,vox_ext_05,24000,494763c13443e6ed04ce55da90ad21ee1a8741b2c8cac1dbdf949f24d16eda5d,6b32c8658a112094628e38ca606347917efb0ac835fc416896c012b7176a1de7,0.9381240010261536,0.89501953125,1,fake,1,,957aa8f3d607bb85c61f9a3778d5fdbd3c86422e8e5ca48b7f3789e82324d6f1
130,external_final_fake/fake/qwen/qwen_010.wav,qwen_010.wav,1,fake,Qwen3-TTS,vox_ext_05,24000,e68f388036afbed7968d07be59a0823da884f76ab3d46dbac1f2dc8046083402,b4a897777b20fdc849726ad24ce7057453960ece070097e46dcc52237354afbc,0.9994578957557678,0.89501953125,1,fake,1,,957aa8f3d607bb85c61f9a3778d5fdbd3c86422e8e5ca48b7f3789e82324d6f1
131,external_final_fake/fake/qwen/qwen_011.wav,qwen_011.wav,1,fake,Qwen3-TTS,vox_ext_06,24000,70c98429f38d729fe230cc8c460e04d7fbb0f8b4ac70e95b225b0eb0625e2452,34f218254d4aacd5f766225e9a380702c5fc2c7ede1a8c40e5d297300abc27cf,0.06244528666138649,0.89501953125,0,real,0,FN,957aa8f3d607bb85c61f9a3778d5fdbd3c86422e8e5ca48b7f3789e82324d6f1
132,external_final_fake/fake/qwen/qwen_012.wav,qwen_012.wav,1,fake,Qwen3-TTS,vox_ext_06,24000,15af01f89fa6262c0e8d9f896895f62517d3ad61122c4f8a0ef3cdd7467e3d5a,358d9e7753f6278818feed4d0a98fac23741bc389f80122ba74685c932b839b7,0.9979493021965027,0.89501953125,1,fake,1,,957aa8f3d607bb85c61f9a3778d5fdbd3c86422e8e5ca48b7f3789e82324d6f1
133,external_final_fake/fake/qwen/qwen_013.wav,qwen_013.wav,1,fake,Qwen3-TTS,vox_ext_07,24000,e08c653c35152496d3eeddc049ab16251420b49cd22031aab0967cfe857fe5c9,d7553b4918ef2e6ad6830ee24b8cc06ff6fc1c6e41afc66d46d6cd4a380753a0,0.9964480400085449,0.89501953125,1,fake,1,,957aa8f3d607bb85c61f9a3778d5fdbd3c86422e8e5ca48b7f3789e82324d6f1
134,external_final_fake/fake/qwen/qwen_014.wav,qwen_014.wav,1,fake,Qwen3-TTS,vox_ext_07,24000,067bd523555fef7b36340d5d14d96521de086a776b9a0544d4341f443c6cb28e,067c6b1ccf3086f655f05a7e3c54576af5fc550b22ea200fa61e9edeb0aefab1,0.9036349058151245,0.89501953125,1,fake,1,,957aa8f3d607bb85c61f9a3778d5fdbd3c86422e8e5ca48b7f3789e82324d6f1
135,external_final_fake/fake/qwen/qwen_015.wav,qwen_015.wav,1,fake,Qwen3-TTS,vox_ext_08,24000,be9b389e38ba948caeb330b0acf8d04c250124e91972e6c7944428c65a45b490,10ea4b15fd21c63a3d32c4d0e76acfb0882bdac9d10cef6dc900260ff82f27d2,0.997065007686615,0.89501953125,1,fake,1,,957aa8f3d607bb85c61f9a3778d5fdbd3c86422e8e5ca48b7f3789e82324d6f1
136,external_final_fake/fake/qwen/qwen_016.wav,qwen_016.wav,1,fake,Qwen3-TTS,vox_ext_08,24000,654eab5e6f42f74e21750a5d2f0fc47765d33c8efbbf6690c3248b4f94688b88,fb123641a0fc6aeed2517913d354369e39d029798383456950022323d9fb18a9,0.9917163252830505,0.89501953125,1,fake,1,,957aa8f3d607bb85c61f9a3778d5fdbd3c86422e8e5ca48b7f3789e82324d6f1
137,external_final_fake/fake/qwen/qwen_017.wav,qwen_017.wav,1,fake,Qwen3-TTS,vox_ext_09,24000,29c21a731f5ad3ceffea086c0b60dabb984778317504b7e03033aee6a59527a1,c1583a467e30e2801f006cb7252b60eb6ed683ef91f70be11ff44b1f090f2995,0.9963071346282959,0.89501953125,1,fake,1,,957aa8f3d607bb85c61f9a3778d5fdbd3c86422e8e5ca48b7f3789e82324d6f1
138,external_final_fake/fake/qwen/qwen_018.wav,qwen_018.wav,1,fake,Qwen3-TTS,vox_ext_09,24000,ba3f3cd52e1bd873024776c6688d4fbdde06eb1e1987be0ab7ba15917609c46b,bb095357975dedabb56f8b6b1f5c207eb481600386291cbda7b8d6606f2390fb,0.9509603977203369,0.89501953125,1,fake,1,,957aa8f3d607bb85c61f9a3778d5fdbd3c86422e8e5ca48b7f3789e82324d6f1
139,external_final_fake/fake/qwen/qwen_019.wav,qwen_019.wav,1,fake,Qwen3-TTS,vox_ext_10,24000,f29221d4455cad510b6083f4d65a013d0db6e94893f82d2f4ca5ceab2f07e59b,53e83f5c4bc2b2ac9841153defdac335d61ac0692d1a0b6b5597406168bfde0d,0.9961305856704712,0.89501953125,1,fake,1,,957aa8f3d607bb85c61f9a3778d5fdbd3c86422e8e5ca48b7f3789e82324d6f1
140,external_final_fake/fake/qwen/qwen_020.wav,qwen_020.wav,1,fake,Qwen3-TTS,vox_ext_10,24000,e058f8c6b5d0770f962f78413cd003944463ec1ac494cedce1c5ddb8f94ab7e8,33591327d481b58b3e872f016f297415edc267bc1211b3790bf593a3baa6a9ab,0.9998859167098999,0.89501953125,1,fake,1,,957aa8f3d607bb85c61f9a3778d5fdbd3c86422e8e5ca48b7f3789e82324d6f1
141,external_final_fake/fake/cosyvoice/cosyvoice_001.wav,cosyvoice_001.wav,1,fake,Fun-CosyVoice3,vox_ext_01,24000,c16c0ad2bbb232f4f46396d5bec83ff697502c3dc2e4056f7d898c25f3a26fa5,1f0ef1c8d68a93dbe8dde550cbbdbd6c9d58020f4172c4d87d346582c44a6151,0.9815244078636169,0.89501953125,1,fake,1,,957aa8f3d607bb85c61f9a3778d5fdbd3c86422e8e5ca48b7f3789e82324d6f1
142,external_final_fake/fake/cosyvoice/cosyvoice_002.wav,cosyvoice_002.wav,1,fake,Fun-CosyVoice3,vox_ext_01,24000,469337ffff8f5e481be8205ed5d1d1902b8097b6f64b3f4739f8fc18578d8780,8befbc1a4c3f4ada026e88fd89c185d6683cd643b2d57cfbadfd34e8428eff92,0.8994751572608948,0.89501953125,1,fake,1,,957aa8f3d607bb85c61f9a3778d5fdbd3c86422e8e5ca48b7f3789e82324d6f1
143,external_final_fake/fake/cosyvoice/cosyvoice_003.wav,cosyvoice_003.wav,1,fake,Fun-CosyVoice3,vox_ext_02,24000,81aebf14fef5496688746a25e1f1e28587a99845f964432fb806809e47653edb,f4975c2ca473743297f7b9c6197474e88c0d7e260af10163943358a0621abfec,0.9985334873199463,0.89501953125,1,fake,1,,957aa8f3d607bb85c61f9a3778d5fdbd3c86422e8e5ca48b7f3789e82324d6f1
144,external_final_fake/fake/cosyvoice/cosyvoice_004.wav,cosyvoice_004.wav,1,fake,Fun-CosyVoice3,vox_ext_02,24000,b423295a140af7d2e53c19390c96b4a023069cea5752932ae7685ad752e4ced5,83dd7ecb2ca6ddfc2723041bba0ef6d29412d3ba53502e2cdf287c72dc718886,0.9902538657188416,0.89501953125,1,fake,1,,957aa8f3d607bb85c61f9a3778d5fdbd3c86422e8e5ca48b7f3789e82324d6f1
145,external_final_fake/fake/cosyvoice/cosyvoice_005.wav,cosyvoice_005.wav,1,fake,Fun-CosyVoice3,vox_ext_03,24000,197920d6795639696c01a222811309e5ca545384de9d59c7863359f05959b7f4,8e01feafa6ab14bb2cbcd3381b1027979de2839bbf3ab4c6093bf38ddb0f6012,0.9885361194610596,0.89501953125,1,fake,1,,957aa8f3d607bb85c61f9a3778d5fdbd3c86422e8e5ca48b7f3789e82324d6f1
146,external_final_fake/fake/cosyvoice/cosyvoice_006.wav,cosyvoice_006.wav,1,fake,Fun-CosyVoice3,vox_ext_03,24000,ff03376137607cceb78782778a5a67927f027a6e099adf9690304bb9a91f784f,6c098672d54053c5d45be5009f4b03ebb12d5675a00c9d6dc712661b12fca531,0.983020007610321,0.89501953125,1,fake,1,,957aa8f3d607bb85c61f9a3778d5fdbd3c86422e8e5ca48b7f3789e82324d6f1
147,external_final_fake/fake/cosyvoice/cosyvoice_007.wav,cosyvoice_007.wav,1,fake,Fun-CosyVoice3,vox_ext_04,24000,fccf01dbe764fc20f613a55bf7298f9ac1ba263d2b8c0b264f7161b5bae3d026,a95d291d654f136a4e49c2df702a9a32bfac37654fb3cc180951a8eb9f8ea21e,0.9990527033805847,0.89501953125,1,fake,1,,957aa8f3d607bb85c61f9a3778d5fdbd3c86422e8e5ca48b7f3789e82324d6f1
148,external_final_fake/fake/cosyvoice/cosyvoice_008.wav,cosyvoice_008.wav,1,fake,Fun-CosyVoice3,vox_ext_04,24000,d6626cd162a9b8398774c9e1ee72ae22c03d5c52263747856d2e1510f7999005,f288cb113677688ece69ad8648690b5afbcd04d8cdb31d3fdffe75f8e43570a5,0.859663724899292,0.89501953125,0,real,0,FN,957aa8f3d607bb85c61f9a3778d5fdbd3c86422e8e5ca48b7f3789e82324d6f1
149,external_final_fake/fake/cosyvoice/cosyvoice_009.wav,cosyvoice_009.wav,1,fake,Fun-CosyVoice3,vox_ext_05,24000,b39553b780f7d2bf5fb41f3bf7609664fe0fbe95b19d9b73b77b1da556218672,8411480e8da110177dadb16ebdc0cb88cd88ba28ef30072374393b2b81ce185a,0.9903663396835327,0.89501953125,1,fake,1,,957aa8f3d607bb85c61f9a3778d5fdbd3c86422e8e5ca48b7f3789e82324d6f1
150,external_final_fake/fake/cosyvoice/cosyvoice_010.wav,cosyvoice_010.wav,1,fake,Fun-CosyVoice3,vox_ext_05,24000,4acee0717d964361f908654d742a311db6a8e4db53536cd502f9ba9f485adac2,b42c253f290cd0aed4b7a1b64ed903806d6d3446c00dc33ba9be856822dbad13,0.9982859492301941,0.89501953125,1,fake,1,,957aa8f3d607bb85c61f9a3778d5fdbd3c86422e8e5ca48b7f3789e82324d6f1
151,external_final_fake/fake/cosyvoice/cosyvoice_011.wav,cosyvoice_011.wav,1,fake,Fun-CosyVoice3,vox_ext_06,24000,ad85d702d69fde7bf7e94065d1fdb09810d501da84a1d56130c67386236d22e3,9500cea6d38556422509555914ad6a0522b1e81a142e7cbf79dd7f74796cb8f0,0.7995988726615906,0.89501953125,0,real,0,FN,957aa8f3d607bb85c61f9a3778d5fdbd3c86422e8e5ca48b7f3789e82324d6f1
152,external_final_fake/fake/cosyvoice/cosyvoice_012.wav,cosyvoice_012.wav,1,fake,Fun-CosyVoice3,vox_ext_06,24000,c117b0935cd0b8357a0def7238cb0d598499be6a3d640fa92c0e0930816cd7e7,fe2ccd9b4f6406b594e3a2d8c23e3cc7f57c48fc589e02bc5268a51c73cfdb0f,0.9996229410171509,0.89501953125,1,fake,1,,957aa8f3d607bb85c61f9a3778d5fdbd3c86422e8e5ca48b7f3789e82324d6f1
153,external_final_fake/fake/cosyvoice/cosyvoice_013.wav,cosyvoice_013.wav,1,fake,Fun-CosyVoice3,vox_ext_07,24000,b3e32ab6008482c2fb5b35f3115c81bb9d8b440c3c0b32ef7f23f1eb4acb2731,98e22782cbee079b77608d4d102d51826031547bb962d37127e32c52191b7c95,0.9996064305305481,0.89501953125,1,fake,1,,957aa8f3d607bb85c61f9a3778d5fdbd3c86422e8e5ca48b7f3789e82324d6f1
154,external_final_fake/fake/cosyvoice/cosyvoice_014.wav,cosyvoice_014.wav,1,fake,Fun-CosyVoice3,vox_ext_07,24000,5d6b37b5f8b0df9cbf96d933deb788ed3e3b35447b66b45d04c263f21ebb14b3,0b57a1d393407d88b567f90920db1361c8126d17da3afc3c2b9893c53d9137d9,0.16465073823928833,0.89501953125,0,real,0,FN,957aa8f3d607bb85c61f9a3778d5fdbd3c86422e8e5ca48b7f3789e82324d6f1
155,external_final_fake/fake/cosyvoice/cosyvoice_015.wav,cosyvoice_015.wav,1,fake,Fun-CosyVoice3,vox_ext_08,24000,31815f33985d21fc66a84e42e0811ecdf0d4c13d57aae12713176ce8c887c745,6c0a295ecdb1a97ad095e0dd5b1c022f0e34227a05de96d86a490aab8b36343f,0.9789151549339294,0.89501953125,1,fake,1,,957aa8f3d607bb85c61f9a3778d5fdbd3c86422e8e5ca48b7f3789e82324d6f1
156,external_final_fake/fake/cosyvoice/cosyvoice_016.wav,cosyvoice_016.wav,1,fake,Fun-CosyVoice3,vox_ext_08,24000,3974ea64472a2c7e6b907925cab600ed32e711dc66d45cf9401143ca43bc36f4,ed020a4195b480c57ee13105ead3dbea1af6e020ecc7da74613cae66d09accb2,0.6975059509277344,0.89501953125,0,real,0,FN,957aa8f3d607bb85c61f9a3778d5fdbd3c86422e8e5ca48b7f3789e82324d6f1
157,external_final_fake/fake/cosyvoice/cosyvoice_017.wav,cosyvoice_017.wav,1,fake,Fun-CosyVoice3,vox_ext_09,24000,b5ae5441b9c4801a16332020d0cfb7a93750f1a8c2b1a0a326f8dea89e062f8a,7feb740f72a691f8765dbad8d7544613c1ac73eb3e6835e3a5f2c70736d6325b,0.986929178237915,0.89501953125,1,fake,1,,957aa8f3d607bb85c61f9a3778d5fdbd3c86422e8e5ca48b7f3789e82324d6f1
158,external_final_fake/fake/cosyvoice/cosyvoice_018.wav,cosyvoice_018.wav,1,fake,Fun-CosyVoice3,vox_ext_09,24000,d8e9aa6c2db086638db0ac0bb2b19fc2b06a3075db1d6c06cd205aa229facfdb,1eacf225a6777a4a5698d5205c10918ba3394ce21fdc77e411ccec86667270a1,0.9688562154769897,0.89501953125,1,fake,1,,957aa8f3d607bb85c61f9a3778d5fdbd3c86422e8e5ca48b7f3789e82324d6f1
159,external_final_fake/fake/cosyvoice/cosyvoice_019.wav,cosyvoice_019.wav,1,fake,Fun-CosyVoice3,vox_ext_10,24000,ca56fbe9a52e24b6116fd644b08adb4becd0366978ad3ae11ebd09e95856da1e,17d1cecaa9f1cd2f1449694e5e1738dbe21cc639f47e8ebf308fd793d5bf3929,0.9966756105422974,0.89501953125,1,fake,1,,957aa8f3d607bb85c61f9a3778d5fdbd3c86422e8e5ca48b7f3789e82324d6f1
160,external_final_fake/fake/cosyvoice/cosyvoice_020.wav,cosyvoice_020.wav,1,fake,Fun-CosyVoice3,vox_ext_10,24000,2d6ee8dc1e5e5faf9a7608947a9db232d77c911a232937c622f2861346022832,c98e506292412e3ca52028d86b9513eeb06a424093c2fe1abfa202744e29e582,0.9993487000465393,0.89501953125,1,fake,1,,957aa8f3d607bb85c61f9a3778d5fdbd3c86422e8e5ca48b7f3789e82324d6f1
161,external_final_fake/fake/confucius/confucius_001.wav,confucius_001.wav,1,fake,Confucius4-TTS,vox_ext_01,22050,a2356050bbfdd0c5d5dc7c6b476247152da4a48b2968137913ff3189276532aa,02b778bd8c32a20457b0621c60a82cb357f28029385de1d3651562703ba2c479,0.9132132530212402,0.89501953125,1,fake,1,,957aa8f3d607bb85c61f9a3778d5fdbd3c86422e8e5ca48b7f3789e82324d6f1
162,external_final_fake/fake/confucius/confucius_002.wav,confucius_002.wav,1,fake,Confucius4-TTS,vox_ext_01,22050,26594fdfb7b3e74888577e76004ddfb4749cb41970aaa1a129f1189a48c853ce,8cf0fd76107d1a28d7340e4646d74a5cee362d0cc10a8fdd97c4ab011f892ff5,0.94629967212677,0.89501953125,1,fake,1,,957aa8f3d607bb85c61f9a3778d5fdbd3c86422e8e5ca48b7f3789e82324d6f1
163,external_final_fake/fake/confucius/confucius_003.wav,confucius_003.wav,1,fake,Confucius4-TTS,vox_ext_02,22050,731d4f6f70bc7986e96ec7f512e11b0c61bf310405ed99d74413822ff2501deb,ae81d1ebc3bb6801b63b558d99e26f98980a3e80cd3e58e759742425416dbcc6,0.9839090704917908,0.89501953125,1,fake,1,,957aa8f3d607bb85c61f9a3778d5fdbd3c86422e8e5ca48b7f3789e82324d6f1
164,external_final_fake/fake/confucius/confucius_004.wav,confucius_004.wav,1,fake,Confucius4-TTS,vox_ext_02,22050,f56f95fad14252fcd887c92dde9dee5d11e54d7a0bdd1c1e2ca5b802978cfdd6,ceecd5b6bbd5d4cacf42f90886b1a104590dd70291e0bb457f557e2008e864a0,0.9996699094772339,0.89501953125,1,fake,1,,957aa8f3d607bb85c61f9a3778d5fdbd3c86422e8e5ca48b7f3789e82324d6f1
165,external_final_fake/fake/confucius/confucius_005.wav,confucius_005.wav,1,fake,Confucius4-TTS,vox_ext_03,22050,e831cc715f4b8dfb406149ee18aa2a976fd8d2f8d1bab3b011d8b23c5742280d,c679ba157907e9521efd65433ba6fc725d5b9631894dfd583127eeb76bcb4cea,0.9979652166366577,0.89501953125,1,fake,1,,957aa8f3d607bb85c61f9a3778d5fdbd3c86422e8e5ca48b7f3789e82324d6f1
166,external_final_fake/fake/confucius/confucius_006.wav,confucius_006.wav,1,fake,Confucius4-TTS,vox_ext_03,22050,87d6d88b1bf7ded0b5246e28015fffc0e031d8bdc5ac8269df28514e8e26d960,42c7393aab7bfb7aaddef24ae55ee90d3bd8b82364d676770228ba0650960228,0.9848109483718872,0.89501953125,1,fake,1,,957aa8f3d607bb85c61f9a3778d5fdbd3c86422e8e5ca48b7f3789e82324d6f1
167,external_final_fake/fake/confucius/confucius_007.wav,confucius_007.wav,1,fake,Confucius4-TTS,vox_ext_04,22050,7dc9634e461509a154032a13784d3e7652b157d7c76815a570477b632aed6010,02921a6cbfe36f99d72d4b3db34ca9881c96a9f712200eef258a8f86200ec257,0.9987695813179016,0.89501953125,1,fake,1,,957aa8f3d607bb85c61f9a3778d5fdbd3c86422e8e5ca48b7f3789e82324d6f1
168,external_final_fake/fake/confucius/confucius_008.wav,confucius_008.wav,1,fake,Confucius4-TTS,vox_ext_04,22050,cac76ff13635eaab0b90220d52a1e77dba308580c129c956b184fb64f88ffcd9,d5928ce75b56d7309960ce49cf85221f3ff479a89ea4e5cad0fe480bfb9509e2,0.9967142343521118,0.89501953125,1,fake,1,,957aa8f3d607bb85c61f9a3778d5fdbd3c86422e8e5ca48b7f3789e82324d6f1
169,external_final_fake/fake/confucius/confucius_009.wav,confucius_009.wav,1,fake,Confucius4-TTS,vox_ext_05,22050,4373da4b7f27bddf6e42df07181a3eeff02aab31655f9ab0bbeb0349f42faf47,a55f43ca9c2af3d5b13553981d4f5a433addbf695464314004d2a2ff12d301d6,0.9943140745162964,0.89501953125,1,fake,1,,957aa8f3d607bb85c61f9a3778d5fdbd3c86422e8e5ca48b7f3789e82324d6f1
170,external_final_fake/fake/confucius/confucius_010.wav,confucius_010.wav,1,fake,Confucius4-TTS,vox_ext_05,22050,c8a6e97567b9ef12d2a84940ed99452b914555f63072fb5439c308e513fde0e5,17b4f12c1098480eb817fb7296180b776650de1acf7c1d6f9f048e2464490c7f,0.9997730851173401,0.89501953125,1,fake,1,,957aa8f3d607bb85c61f9a3778d5fdbd3c86422e8e5ca48b7f3789e82324d6f1
171,external_final_fake/fake/confucius/confucius_011.wav,confucius_011.wav,1,fake,Confucius4-TTS,vox_ext_06,22050,bf8ca8b889354aa5c7684472d1e64995ba241a403ccb781ecd18213dd1e9eacb,bfbe06e9a3550127653aa0707aa0e9172d2d69730221b72781d377a460b0c89b,0.9958821535110474,0.89501953125,1,fake,1,,957aa8f3d607bb85c61f9a3778d5fdbd3c86422e8e5ca48b7f3789e82324d6f1
172,external_final_fake/fake/confucius/confucius_012.wav,confucius_012.wav,1,fake,Confucius4-TTS,vox_ext_06,22050,1d91951f29ca8b5b1e52e310b3fce7447be00bced4e53cc6ddf0833453b00a92,f1c1b701f3742392ac46bf9c58bbf20407104983be1e470472846721ceff2d30,0.9998822212219238,0.89501953125,1,fake,1,,957aa8f3d607bb85c61f9a3778d5fdbd3c86422e8e5ca48b7f3789e82324d6f1
173,external_final_fake/fake/confucius/confucius_013.wav,confucius_013.wav,1,fake,Confucius4-TTS,vox_ext_07,22050,8f88f4338693810888a829b672967ea1a91e75a75b1bd0d0779e8db5e1c4d9ca,bd0400e6d8a1e0fe91eb77a567bed1256c6039885b023de536143a280574ced3,0.9997933506965637,0.89501953125,1,fake,1,,957aa8f3d607bb85c61f9a3778d5fdbd3c86422e8e5ca48b7f3789e82324d6f1
174,external_final_fake/fake/confucius/confucius_014.wav,confucius_014.wav,1,fake,Confucius4-TTS,vox_ext_07,22050,61a178cfc8e194685aee3d4c393ebf9926660b56f8f270865b37a4193d7a2fc0,48f7d255c1f5b578a66c95fe115b51594268a2291fa1302d50035b1a4ce2cf0e,0.9749646186828613,0.89501953125,1,fake,1,,957aa8f3d607bb85c61f9a3778d5fdbd3c86422e8e5ca48b7f3789e82324d6f1
175,external_final_fake/fake/confucius/confucius_015.wav,confucius_015.wav,1,fake,Confucius4-TTS,vox_ext_08,22050,0453128f0aa59aca60d4ebc86349408ca18b66428b545355e1155db5a3cdd5d5,b6704166c6a8b3595a0ea31c8f624c662c52a19ebfeaced1fad4af1069467c53,0.9835969805717468,0.89501953125,1,fake,1,,957aa8f3d607bb85c61f9a3778d5fdbd3c86422e8e5ca48b7f3789e82324d6f1
176,external_final_fake/fake/confucius/confucius_016.wav,confucius_016.wav,1,fake,Confucius4-TTS,vox_ext_08,22050,96d2510f12c870a6ed8c3aa49d437d4e2e837448329d0b66603de6cb5adcaa30,514a6bbf32426f1d59c40a57969af7c57295a90bd2efb8ff72143a3e21a075bb,0.999127209186554,0.89501953125,1,fake,1,,957aa8f3d607bb85c61f9a3778d5fdbd3c86422e8e5ca48b7f3789e82324d6f1
177,external_final_fake/fake/confucius/confucius_017.wav,confucius_017.wav,1,fake,Confucius4-TTS,vox_ext_09,22050,793087a429521604072cca8e45de7fc6eb310756cedb73ef7bc0b0c27cc8b27c,d899c89a521166a0b73c7e1eefdc472db8444ee5a92686cecdbd9d454296fc02,0.9852146506309509,0.89501953125,1,fake,1,,957aa8f3d607bb85c61f9a3778d5fdbd3c86422e8e5ca48b7f3789e82324d6f1
178,external_final_fake/fake/confucius/confucius_018.wav,confucius_018.wav,1,fake,Confucius4-TTS,vox_ext_09,22050,878e43acf53f9b9a0c22122768227dac6bf8cb4d801fcfe948d4eab24ff3f0fd,72f73652537ea99cddc242bf6b615c2352bcd1c787bed2ed875d9db6e6e21f10,0.9971103668212891,0.89501953125,1,fake,1,,957aa8f3d607bb85c61f9a3778d5fdbd3c86422e8e5ca48b7f3789e82324d6f1
179,external_final_fake/fake/confucius/confucius_019.wav,confucius_019.wav,1,fake,Confucius4-TTS,vox_ext_10,22050,cf9b1608c1383ebe896703bb28ac0ea19d4d4029ce3a8c4adc5aa0caa8614775,bee22a410b691290e29060f751a542a7834136046578a7f4ad0a87d4458a534d,0.9989677667617798,0.89501953125,1,fake,1,,957aa8f3d607bb85c61f9a3778d5fdbd3c86422e8e5ca48b7f3789e82324d6f1
180,external_final_fake/fake/confucius/confucius_020.wav,confucius_020.wav,1,fake,Confucius4-TTS,vox_ext_10,22050,6f089bcf1d8eeac1c770fb75fa6613ac5dd3a4a7dc4ec146f8ee203db0e171f9,7492a1af821a2703b7c75c10349dcbe8ffc181d9b7cbdcf5fa6b30a195231a43,0.9999589920043945,0.89501953125,1,fake,1,,957aa8f3d607bb85c61f9a3778d5fdbd3c86422e8e5ca48b7f3789e82324d6f1
181,external_final_fake/fake/openvoice/openvoice_001.wav,openvoice_001.wav,1,fake,OpenVoice V2,vox_ext_01,22050,25bddaecf90e238b90616365d53702074a6ce251391464b228128506860ee017,51f9ca2a8f33a3dc7ad8d8539af4defbf8f2b20100c1da0cce43295a3fb814ff,0.9688562154769897,0.89501953125,1,fake,1,,957aa8f3d607bb85c61f9a3778d5fdbd3c86422e8e5ca48b7f3789e82324d6f1
182,external_final_fake/fake/openvoice/openvoice_002.wav,openvoice_002.wav,1,fake,OpenVoice V2,vox_ext_01,22050,1451887f5e423de51ce2fb48c6828d60e92303cda6046e553a2d27ea4b459783,dd10598709bd5bb5d6e2ae2d1af051eded85b539d87f77f6978fe9555da9248f,0.9685600996017456,0.89501953125,1,fake,1,,957aa8f3d607bb85c61f9a3778d5fdbd3c86422e8e5ca48b7f3789e82324d6f1
183,external_final_fake/fake/openvoice/openvoice_003.wav,openvoice_003.wav,1,fake,OpenVoice V2,vox_ext_02,22050,9c22b3e8fe9cc23cf6fd83cc89530c040f072b8de84b05d944f44eefe99440b7,06487398c89a149b7d31e0626337e76c785be71b658b97a8f90d34aa734320c1,0.9984145164489746,0.89501953125,1,fake,1,,957aa8f3d607bb85c61f9a3778d5fdbd3c86422e8e5ca48b7f3789e82324d6f1
184,external_final_fake/fake/openvoice/openvoice_004.wav,openvoice_004.wav,1,fake,OpenVoice V2,vox_ext_02,22050,60f2681a6fdef8d1580f9bcf220d0829d4abe88eb71921eb0675bdf0166834e5,1deabce14fca365079ce267b46413d8e6018aadb30be97dda35ebbc800a82935,0.9269675612449646,0.89501953125,1,fake,1,,957aa8f3d607bb85c61f9a3778d5fdbd3c86422e8e5ca48b7f3789e82324d6f1
185,external_final_fake/fake/openvoice/openvoice_005.wav,openvoice_005.wav,1,fake,OpenVoice V2,vox_ext_03,22050,ea7fa4cbda22087b9347f1b250c343b85d413a9abeaeb1a2c4c3bc5f5a8bc9eb,58d809d370dc5440a38cd03f4c602a982745e687ae86a2a90fa0d670456d97f7,0.998279333114624,0.89501953125,1,fake,1,,957aa8f3d607bb85c61f9a3778d5fdbd3c86422e8e5ca48b7f3789e82324d6f1
186,external_final_fake/fake/openvoice/openvoice_006.wav,openvoice_006.wav,1,fake,OpenVoice V2,vox_ext_03,22050,50701d79de020ebbbab367c1d7958f0256a07f5ee9ab73c566e531bdf17ea975,7c1c0a498b92527eb511e3e9d65416f74c4f8664c74685cb1adfe4f1868f6253,0.9852713346481323,0.89501953125,1,fake,1,,957aa8f3d607bb85c61f9a3778d5fdbd3c86422e8e5ca48b7f3789e82324d6f1
187,external_final_fake/fake/openvoice/openvoice_007.wav,openvoice_007.wav,1,fake,OpenVoice V2,vox_ext_04,22050,8432cca8b7cfb1cce11989128725cef3f048972904ade5ce0f29031dd90ca53b,d3cbb79b0ab635cde3e6f14943c532a72f516b56af7d6238913f4f551df894f8,0.990767776966095,0.89501953125,1,fake,1,,957aa8f3d607bb85c61f9a3778d5fdbd3c86422e8e5ca48b7f3789e82324d6f1
188,external_final_fake/fake/openvoice/openvoice_008.wav,openvoice_008.wav,1,fake,OpenVoice V2,vox_ext_04,22050,96e69cff26a69bad1b46c00a1112edc177ebda5fbadd04509fa85d7f33ce96e1,4ac801cb9489c7df09c61e822c5aeaf0b4a9874c7eb3ac68bf9967503c89e056,0.9984330534934998,0.89501953125,1,fake,1,,957aa8f3d607bb85c61f9a3778d5fdbd3c86422e8e5ca48b7f3789e82324d6f1
189,external_final_fake/fake/openvoice/openvoice_009.wav,openvoice_009.wav,1,fake,OpenVoice V2,vox_ext_05,22050,dc646f9105c7c060b5edea0dc4e3c0f72e3b5ca70b9898b8336ac41c9a4a4c58,56bbcec25e312dd79408e323d58ea1d24ff6980625c50b81dd22a97c28f3336b,0.9799382090568542,0.89501953125,1,fake,1,,957aa8f3d607bb85c61f9a3778d5fdbd3c86422e8e5ca48b7f3789e82324d6f1
190,external_final_fake/fake/openvoice/openvoice_010.wav,openvoice_010.wav,1,fake,OpenVoice V2,vox_ext_05,22050,fadb8096924594bda5a304c359b46766d7935b394d87994f800cfa01f9404b4c,2b96eda5e0de898afeed7f82937afddce8f41edd12b2997e67bb13c7844b1ff1,0.9997851252555847,0.89501953125,1,fake,1,,957aa8f3d607bb85c61f9a3778d5fdbd3c86422e8e5ca48b7f3789e82324d6f1
191,external_final_fake/fake/openvoice/openvoice_011.wav,openvoice_011.wav,1,fake,OpenVoice V2,vox_ext_06,22050,d7d1933ea0000397f125c972d2c65cb1183ad9c5125136e315a8c265c4e98063,d17e8db36d7c7d1b58e41ecb2df0e6e847293cc36a8e8f91919e815820e224fd,0.9641192555427551,0.89501953125,1,fake,1,,957aa8f3d607bb85c61f9a3778d5fdbd3c86422e8e5ca48b7f3789e82324d6f1
192,external_final_fake/fake/openvoice/openvoice_012.wav,openvoice_012.wav,1,fake,OpenVoice V2,vox_ext_06,22050,de8f9c451c38892148cec158059f7e30fd041f41177e4b4dea4e34a8f027d0de,ad098e979cece3bcf28680bde3fd57de53c0797d1cf52563e7c38410c359ed29,0.9998273253440857,0.89501953125,1,fake,1,,957aa8f3d607bb85c61f9a3778d5fdbd3c86422e8e5ca48b7f3789e82324d6f1
193,external_final_fake/fake/openvoice/openvoice_013.wav,openvoice_013.wav,1,fake,OpenVoice V2,vox_ext_07,22050,8094068d3d3c64cb6588536cdbe0b2b2d1659b64c9586692edc80e9ecd4ec31a,52d4ca9f9c1d1fb4db63fa6da5f368186e21d9412e06ead1492444dad1f0d4a6,0.999140739440918,0.89501953125,1,fake,1,,957aa8f3d607bb85c61f9a3778d5fdbd3c86422e8e5ca48b7f3789e82324d6f1
194,external_final_fake/fake/openvoice/openvoice_014.wav,openvoice_014.wav,1,fake,OpenVoice V2,vox_ext_07,22050,4b0545b2ee1e3fea6045b2104e85708e6a4af17a3296f34c638fe469a02ab0d3,60c44a3dd077878690de4fab090f234ceedcc241611434fe8aeddfee05a0e481,0.9973580241203308,0.89501953125,1,fake,1,,957aa8f3d607bb85c61f9a3778d5fdbd3c86422e8e5ca48b7f3789e82324d6f1
195,external_final_fake/fake/openvoice/openvoice_015.wav,openvoice_015.wav,1,fake,OpenVoice V2,vox_ext_08,22050,5019b35c1dc3cad3f47098d82a70f6f6a63aa6e385b28793f57673aef3ed1c3a,4d029873f71c3dd0359ff51a2429badf0cb955a62b20561cebeb2bfc06652f62,0.9995744824409485,0.89501953125,1,fake,1,,957aa8f3d607bb85c61f9a3778d5fdbd3c86422e8e5ca48b7f3789e82324d6f1
196,external_final_fake/fake/openvoice/openvoice_016.wav,openvoice_016.wav,1,fake,OpenVoice V2,vox_ext_08,22050,a45b7b28d50cf5beed2070091671bc304514f738fdd0b4f2692321c26984585d,1e00ff4a683b1914eb417eafd27fc5d27071dac1d50fca135a56348ea3c91333,0.9951702952384949,0.89501953125,1,fake,1,,957aa8f3d607bb85c61f9a3778d5fdbd3c86422e8e5ca48b7f3789e82324d6f1
197,external_final_fake/fake/openvoice/openvoice_017.wav,openvoice_017.wav,1,fake,OpenVoice V2,vox_ext_09,22050,3375c3499f5ad1b136d2f43539ad018ba2a2d46bd7492401f143ee45aa2e3b46,ff26d426ba67a381ef35b7603f8b22e1e1b9e9dd895b402fa6a43bcb9096b2d2,0.9996169805526733,0.89501953125,1,fake,1,,957aa8f3d607bb85c61f9a3778d5fdbd3c86422e8e5ca48b7f3789e82324d6f1
198,external_final_fake/fake/openvoice/openvoice_018.wav,openvoice_018.wav,1,fake,OpenVoice V2,vox_ext_09,22050,54d9a50f2c270c5a9cc7bb22eb2c397201210a407f0eb91f4a8472fe955fee69,8ad439f608373517333952b40732c004987f4a7e469640068f58aee07cf88970,0.9992417097091675,0.89501953125,1,fake,1,,957aa8f3d607bb85c61f9a3778d5fdbd3c86422e8e5ca48b7f3789e82324d6f1
199,external_final_fake/fake/openvoice/openvoice_019.wav,openvoice_019.wav,1,fake,OpenVoice V2,vox_ext_10,22050,eacc7b5901c25b49a3119920e7b37ee6a86ab02c5dc66c706c85e75fbfb43680,58e27113310ef69ae9576df433604e7f8cd0e23a03916134a8ed13a59fe3db3f,0.9968884587287903,0.89501953125,1,fake,1,,957aa8f3d607bb85c61f9a3778d5fdbd3c86422e8e5ca48b7f3789e82324d6f1
200,external_final_fake/fake/openvoice/openvoice_020.wav,openvoice_020.wav,1,fake,OpenVoice V2,vox_ext_10,22050,2acacc1a786d7f20a0681334cd25c37c36cd4f732e75c115c935102526a8c764,5be3c23ef27abdc1ca0016650b66f78be7901d5c6f7ecb068c9dd6cdc142c579,0.999906063079834,0.89501953125,1,fake,1,,957aa8f3d607bb85c61f9a3778d5fdbd3c86422e8e5ca48b7f3789e82324d6f1
201,external_final_fake/fake/voxcpm2/voxcpm2_001.wav,voxcpm2_001.wav,1,fake,VoxCPM2,vox_ext_01,48000,7fea9bfa6ef546b97b9b95f551f129ad7a64a9d3d0b2f1519565f9d5bca79350,dccca52d272ea8e2272a3a9be99855260685fc8d0b6cfb614364b93d5a1e8dba,0.0006238938658498228,0.89501953125,0,real,0,FN,957aa8f3d607bb85c61f9a3778d5fdbd3c86422e8e5ca48b7f3789e82324d6f1
202,external_final_fake/fake/voxcpm2/voxcpm2_002.wav,voxcpm2_002.wav,1,fake,VoxCPM2,vox_ext_01,48000,614a7c4448a1b6595adc5ca3787e255f68bebfd6ee0d66292df7de8f2bbdc297,cade5572bba83807a41b40fc4049e024ae2ae2ac0bdd390523685f1d3c9090d4,0.05707139894366264,0.89501953125,0,real,0,FN,957aa8f3d607bb85c61f9a3778d5fdbd3c86422e8e5ca48b7f3789e82324d6f1
203,external_final_fake/fake/voxcpm2/voxcpm2_003.wav,voxcpm2_003.wav,1,fake,VoxCPM2,vox_ext_02,48000,8298e0fb661552dedf0516084bf667845f73a669bb55d048a8c102a9f57d1b7b,993c898f34bcfdd9ba767f90683f6df89e79fb88b0bee479b9b8b5a2d101a9bc,0.9993201494216919,0.89501953125,1,fake,1,,957aa8f3d607bb85c61f9a3778d5fdbd3c86422e8e5ca48b7f3789e82324d6f1
204,external_final_fake/fake/voxcpm2/voxcpm2_004.wav,voxcpm2_004.wav,1,fake,VoxCPM2,vox_ext_02,48000,20e452824385be955ebf274ff068488ceab8f648131aafc68172e0df0b825179,9d3ebce43d3478bc41e540196fce042dd089ac221f5ff023648149dd1366b721,0.990767776966095,0.89501953125,1,fake,1,,957aa8f3d607bb85c61f9a3778d5fdbd3c86422e8e5ca48b7f3789e82324d6f1
205,external_final_fake/fake/voxcpm2/voxcpm2_005.wav,voxcpm2_005.wav,1,fake,VoxCPM2,vox_ext_03,48000,942bf8207bd41d64a80bbe42af0a8e6cd544b04d946a5ae260447fec2dc02a18,8cfccc191e1db1191aa5a762178f69f0a2a9b99eae39e24d763850fba62f13a7,0.939024806022644,0.89501953125,1,fake,1,,957aa8f3d607bb85c61f9a3778d5fdbd3c86422e8e5ca48b7f3789e82324d6f1
206,external_final_fake/fake/voxcpm2/voxcpm2_006.wav,voxcpm2_006.wav,1,fake,VoxCPM2,vox_ext_03,48000,d132e3c07ea4c93788bb21be6cc7cd86a7b996d72bab7f621881ce1e46595323,4285c98e54352027138816e4ab17e7a1a1d6073973386d18be17abe8d2443db9,0.9932811260223389,0.89501953125,1,fake,1,,957aa8f3d607bb85c61f9a3778d5fdbd3c86422e8e5ca48b7f3789e82324d6f1
207,external_final_fake/fake/voxcpm2/voxcpm2_007.wav,voxcpm2_007.wav,1,fake,VoxCPM2,vox_ext_04,48000,ab89cfc36e3e988fa9d9fc9da7fdae10fb4176e0f26bb0559c8cd2c89ad5aacd,ec3b5008cd139d1afa24fa3e29fdef251051fa156ad564c01728aa98c403af3f,0.8034823536872864,0.89501953125,0,real,0,FN,957aa8f3d607bb85c61f9a3778d5fdbd3c86422e8e5ca48b7f3789e82324d6f1
208,external_final_fake/fake/voxcpm2/voxcpm2_008.wav,voxcpm2_008.wav,1,fake,VoxCPM2,vox_ext_04,48000,760150c5063c1334dcbe5d42c843bfb307b79c95da312b67df3b01608a6dd4bb,52d0a23e4e78d5c0f4343b3dab106cd6766c509b830d01c709b2015dc723f622,0.9848109483718872,0.89501953125,1,fake,1,,957aa8f3d607bb85c61f9a3778d5fdbd3c86422e8e5ca48b7f3789e82324d6f1
209,external_final_fake/fake/voxcpm2/voxcpm2_009.wav,voxcpm2_009.wav,1,fake,VoxCPM2,vox_ext_05,48000,8289ee9805955072fa869384d79a81f5554b6aa7ad231472b047f90d5ffbe873,4d2defdaaa097b5914905f4fe710b861f405af1fb3d3628a0cf64dab28cdd88a,0.7752646803855896,0.89501953125,0,real,0,FN,957aa8f3d607bb85c61f9a3778d5fdbd3c86422e8e5ca48b7f3789e82324d6f1
210,external_final_fake/fake/voxcpm2/voxcpm2_010.wav,voxcpm2_010.wav,1,fake,VoxCPM2,vox_ext_05,48000,6d1599abe704de4dd13d5c2b10154d37a6bc27dce1001b9ec0bb402ee549e541,8d493f196dc54d796d6adb1f07897770d8d0b6a52db3ba0bec0d14711d81c57a,0.9943140745162964,0.89501953125,1,fake,1,,957aa8f3d607bb85c61f9a3778d5fdbd3c86422e8e5ca48b7f3789e82324d6f1
211,external_final_fake/fake/voxcpm2/voxcpm2_011.wav,voxcpm2_011.wav,1,fake,VoxCPM2,vox_ext_06,48000,0cf9adc92926824c9d81f9c80ac52313ecf4d8b55fdda64d40a72d4280f4be6b,87f0c51abf57f9b1dca8149c96b52975ae2360ab015348fb24c6ecf4723bab4a,0.00020502213737927377,0.89501953125,0,real,0,FN,957aa8f3d607bb85c61f9a3778d5fdbd3c86422e8e5ca48b7f3789e82324d6f1
212,external_final_fake/fake/voxcpm2/voxcpm2_012.wav,voxcpm2_012.wav,1,fake,VoxCPM2,vox_ext_06,48000,c37e953247b842811036c4f4381d6d5695b52386e094166f6a1e28f2d0ca47b7,51875a6ff84bfec5336531e8815f001456bef716d641d843568d535b934df448,0.9997997879981995,0.89501953125,1,fake,1,,957aa8f3d607bb85c61f9a3778d5fdbd3c86422e8e5ca48b7f3789e82324d6f1
213,external_final_fake/fake/voxcpm2/voxcpm2_013.wav,voxcpm2_013.wav,1,fake,VoxCPM2,vox_ext_07,48000,7f55e993743e285612395688c1375d4da238ec4e598f17bb1b1c687456647c87,bb0d8f3f5459dc7f710876051ff76caa0bd77929cc087f8d106d74b9b2433798,0.9389128684997559,0.89501953125,1,fake,1,,957aa8f3d607bb85c61f9a3778d5fdbd3c86422e8e5ca48b7f3789e82324d6f1
214,external_final_fake/fake/voxcpm2/voxcpm2_014.wav,voxcpm2_014.wav,1,fake,VoxCPM2,vox_ext_07,48000,b94a07da934a20d5d61ebe0b634f17835eee260d74deeb4e5dda3c143a19e57e,3aef22cd29b190d3d637d9a91dce47484a9f80f7a18b1b30ddd1b2d8daf04e70,0.961605966091156,0.89501953125,1,fake,1,,957aa8f3d607bb85c61f9a3778d5fdbd3c86422e8e5ca48b7f3789e82324d6f1
215,external_final_fake/fake/voxcpm2/voxcpm2_015.wav,voxcpm2_015.wav,1,fake,VoxCPM2,vox_ext_08,48000,851590f182ec8a48c7cce112d456cef5eb7f477c741aadad41223dffcaab8e23,6b94fad74e1cd8f8d9e87c1eb72ea193b43befbc88fa14375892a5ad1bfc5593,0.9987648725509644,0.89501953125,1,fake,1,,957aa8f3d607bb85c61f9a3778d5fdbd3c86422e8e5ca48b7f3789e82324d6f1
216,external_final_fake/fake/voxcpm2/voxcpm2_016.wav,voxcpm2_016.wav,1,fake,VoxCPM2,vox_ext_08,48000,d1dd3e5bc3d6fb767d58036c281f51d8f45c3e88284c1f675927fcb796dfb9b5,1a7b8478f4023160d90d55e75121176c7755bb9be3faf6bf07135f1ab7930a8b,0.9851576089859009,0.89501953125,1,fake,1,,957aa8f3d607bb85c61f9a3778d5fdbd3c86422e8e5ca48b7f3789e82324d6f1
217,external_final_fake/fake/voxcpm2/voxcpm2_017.wav,voxcpm2_017.wav,1,fake,VoxCPM2,vox_ext_09,48000,3f44bb7a8e63b7789358511abfa46e428584d48599d79e57c16fd6d591612c04,4c2f11396a437a0b751a3477e6b8e5683ce34fa58fa6322f31a847626d39705a,0.9976949095726013,0.89501953125,1,fake,1,,957aa8f3d607bb85c61f9a3778d5fdbd3c86422e8e5ca48b7f3789e82324d6f1
218,external_final_fake/fake/voxcpm2/voxcpm2_018.wav,voxcpm2_018.wav,1,fake,VoxCPM2,vox_ext_09,48000,38c8d6daa20f55271788c76171385525b01f5bbbcfed4dffaaec24979cd3f68e,c8434c9c578e651ffc526d64bb07e8dd71d2e5e329281f8460079bab65f90988,0.996160626411438,0.89501953125,1,fake,1,,957aa8f3d607bb85c61f9a3778d5fdbd3c86422e8e5ca48b7f3789e82324d6f1
219,external_final_fake/fake/voxcpm2/voxcpm2_019.wav,voxcpm2_019.wav,1,fake,VoxCPM2,vox_ext_10,48000,dc731245a11eeddb86b11fa22ece35e4b612caa6fa25c7961c39bcfbd3f7c408,0649a77455c4e314a42e3afafda24ac1f6d69181a876a62bfbede7e1fe4536ee,0.9812389612197876,0.89501953125,1,fake,1,,957aa8f3d607bb85c61f9a3778d5fdbd3c86422e8e5ca48b7f3789e82324d6f1
220,external_final_fake/fake/voxcpm2/voxcpm2_020.wav,voxcpm2_020.wav,1,fake,VoxCPM2,vox_ext_10,48000,2dbf71e3ac808b460f61e37aa703b62ede06ae8d03e15e7778cd84f55c5682c3,1fa0faf87058cf39988d7f917d60527b134981e2f4af36dfea15629512af2226,0.9999755620956421,0.89501953125,1,fake,1,,957aa8f3d607bb85c61f9a3778d5fdbd3c86422e8e5ca48b7f3789e82324d6f1
